,Company name,Current price,Price to Earning,Market Capitalization,YOY Quarterly profit growth,Sales latest quarter,YOY Quarterly sales growth,Return on capital employed,Profit after tax latest quarter,Debt to equity,Return on equity,Earnings yield,Return over 3months,Return over 6months,Date,MarketCapCategory,Return_3m_norm,Return_6m_norm,Earnings_yield_norm,PE_norm,Debt_eq_norm,ROCE_norm,Profit_var_norm,Sales_var_norm,Score,Rank
0,Adani Power,584.0,18.56,225344.59,-15.53,14109.15,-5.66,22.54,3305.13,0.7,25.72,7.36,8.95,15.55,2025-08-04,Large Cap,0.7647706422018349,0.9198813056379822,0.7954239569313593,0.03867705343720103,0.032840722495894904,1.0,0.485968324534593,0.0,0.8532276384223942,1
1,NLC India,244.0,12.9,33825.26,311.11,3836.0,8.34,10.75,468.46,1.2,14.87,8.28,12.07,9.11,2025-08-04,Large Cap,0.8792660550458716,0.6468842729970326,0.9192462987886943,0.0,0.11494252873563218,0.33276740237691005,0.9901824580902102,0.16611295681063123,0.7834605780560775,2
2,CESC,163.8,15.75,21697.12,2.38,5202.0,6.97,10.88,387.0,1.5,11.67,8.88,0.63,17.44,2025-08-04,Large Cap,0.45944954128440374,1.0,1.0,0.019475194751947516,0.16420361247947454,0.34012450481041323,0.5136148930258405,0.14985761746559087,0.7349217024807441,3
3,JSW Energy,537.8,43.49,94022.55,42.43,5143.37,78.62,6.49,743.12,1.83,7.41,4.01,15.36,8.91,2025-08-04,Large Cap,1.0,0.6384061042814752,0.34454912516823677,0.20903375700423674,0.21839080459770116,0.09168081494057727,0.5754376215615449,1.0,0.6478082096599448,4
4,NTPC,332.0,13.44,321977.97,9.8,47065.36,-3.02,10.76,6010.6,1.36,13.59,8.24,-2.87,3.88,2025-08-04,Large Cap,0.3310091743119266,0.42518016108520557,0.9138627187079407,0.003690036900368998,0.14121510673234813,0.33333333333333337,0.5250686919205952,0.03132415757000475,0.6040163813036129,5
5,Tata Power Co.,387.1,30.01,123691.6,9.16,18035.07,4.29,10.81,1059.86,1.75,10.97,6.51,3.25,5.71,2025-08-04,Large Cap,0.5555963302752294,0.5027554048325561,0.6810228802153431,0.11691950252835862,0.20525451559934318,0.33616298811545,0.524080763174956,0.11805885144755576,0.5941864935818074,6
6,Power Grid Corpn,287.95,17.36,267856.87,-2.51,11196.22,1.73,12.89,3630.58,1.41,17.26,7.15,-6.39,0.96,2025-08-04,Large Cap,0.20183486238532114,0.30139889783806695,0.7671601615074024,0.030476971436381024,0.14942528735632182,0.4538766270514997,0.5060664999536908,0.08768391077361178,0.5610772369387487,7
7,NHPC Ltd,83.49,27.93,83966.87,56.95,2346.97,24.38,7.39,853.64,1.0,7.67,4.93,2.18,4.98,2025-08-04,Large Cap,0.5163302752293578,0.4718100890207715,0.4683714670255719,0.1027060270602706,0.08210180623973727,0.1426146010186757,0.5978512549782347,0.3564309444708116,0.5473657048612728,8
8,Torrent Power,1312.1,23.32,65864.09,146.27,6456.34,-1.11,15.95,1059.57,0.5,19.03,5.5,-10.27,-1.62,2025-08-04,Large Cap,0.059449541284403704,0.19203052140737598,0.5450874831763122,0.07120404537378706,0.0,0.6270514997170344,0.7357290605415084,0.05398671096345515,0.5440009785955541,9
9,Adani Energy Sol,799.55,40.08,96036.44,317.47,6819.28,26.79,10.23,512.48,1.83,12.84,4.62,-11.89,3.1,2025-08-04,Large Cap,0.0,0.3921153030945315,0.42664872139973076,0.18573185731857317,0.21839080459770116,0.3033389926428976,1.0,0.3850261034646417,0.5029051824275421,10
10,Adani Green,989.8,87.29,160588.06,54.12,3800.0,36.01,8.7,724.08,6.59,14.61,3.33,7.21,-2.75,2025-08-04,Large Cap,0.7009174311926606,0.14412886816447645,0.2530282637954239,0.508336750034167,1.0,0.21675155631013013,0.5934827575561112,0.4944233507356431,0.37866984475044013,11
11,SJVN,93.09,44.67,36542.89,-330.35,504.4,4.45,4.87,-127.6,1.91,5.79,3.06,3.18,-3.45,2025-08-04,Large Cap,0.5530275229357798,0.11445527766002543,0.21668909825033647,0.21709717097170975,0.2315270935960591,0.0,0.0,0.11995728523967726,0.31059354180662896,12
12,NTPC Green Ene.,105.09,159.24,88535.35,59.07,680.21,17.59,4.87,220.48,1.05,3.84,1.45,7.44,-6.15,2025-08-04,Large Cap,0.7093577981651377,0.0,0.0,1.0,0.09031198686371102,0.0,0.6011237689481645,0.27586616041765544,0.28507146397498156,13
13,Reliance Infra.,296.15,2.56,11735.19,164.33,5907.82,-17.87,34.01,59.72,0.44,37.52,62.17,25.3,16.39,2025-08-04,Mid Cap,0.5511811023622047,0.26593707250342,1.0,0.007427609818371728,0.020126509488211614,1.0,0.052440638867266284,0.0,0.7250563781859121,1
14,Nava,619.7,16.43,17936.11,13.69,1018.2,10.21,17.17,234.67,0.12,15.03,9.19,42.85,43.22,2025-08-04,Mid Cap,0.9830216535433072,1.0,0.1357259380097879,0.047670167701502925,0.0017251293847038527,0.4586949533911926,0.038175406299657,0.24491931966855648,0.639707369199893,2
15,KPI Green Energy,539.5,33.16,10660.8,129.28,569.41,96.78,17.5,99.19,0.57,18.66,4.53,42.69,25.25,2025-08-04,Mid Cap,0.9790846456692913,0.508344733242134,0.059706362153344204,0.09621075842859628,0.027602070155261643,0.469302475088396,0.04912149122059405,1.0,0.6214470405487355,3
16,ACME Solar Hold.,276.55,40.94,16706.52,10170.5,510.98,65.02,8.4,142.76,2.43,7.5,5.23,30.23,21.37,2025-08-04,Mid Cap,0.672490157480315,0.40218878248974016,0.07112561174551386,0.11878372889224162,0.13456009200690053,0.17679202828672452,1.0,0.7229829917139119,0.557749286083433,4
17,JP Power Ven.,19.45,17.94,13329.98,-20.2,1583.16,-9.78,10.26,278.13,0.31,6.85,9.42,43.54,29.06,2025-08-04,Mid Cap,1.0,0.6125854993160056,0.13947797716150082,0.05205129693030813,0.012650948821161587,0.23657987785278045,0.034966107761975916,0.0705625817706062,0.5211820402783683,5
18,Powergrid Infra.,93.19,7.24,8481.21,172.2,311.33,-0.91,16.05,686.77,0.14,15.36,15.78,14.71,15.11,2025-08-04,Mid Cap,0.2906003937007874,0.23091655266757866,0.2432300163132137,0.021006209017582544,0.002875215641173089,0.4226936676309868,0.053185908253266585,0.14792847797645006,0.4291355749011911,6
19,PTC India,174.11,7.67,5156.66,16.17,3006.27,-14.29,11.51,118.95,0.51,12.28,23.86,2.9,24.18,2025-08-04,Mid Cap,0.0,0.4790697674418605,0.3750407830342577,0.022253815354262168,0.02415181138585394,0.2767598842815815,0.038410256118879466,0.031225468818142185,0.4045436083991375,7
20,Reliance Power,47.58,0.0,19630.97,145.46,1885.58,-5.35,6.15,44.68,0.93,-1.08,5.6,24.39,19.19,2025-08-04,Mid Cap,0.5287893700787402,0.3425444596443229,0.07716150081566067,0.0,0.04830362277170788,0.10446801671488269,0.05065369689600509,0.10920191888355867,0.3781811772653537,8
21,RattanIndia Pow.,12.7,58.94,6825.36,-114.1,821.96,-11.79,8.69,-13.11,0.79,4.96,6.17,26.87,14.21,2025-08-04,Mid Cap,0.5898129921259843,0.2062927496580028,0.0864600326264274,0.17100911042766784,0.040253018976423235,0.18611378977820633,0.026074011784157865,0.05303096380287834,0.3607149103668193,9
22,IndiGrid Trust,155.95,38.75,13041.62,-46.06,839.85,0.57,7.51,72.37,3.9,6.6,5.73,6.15,9.46,2025-08-04,Mid Cap,0.07997047244094489,0.07633378932968539,0.07928221859706362,0.11242964080543143,0.2190914318573893,0.1481838637094182,0.03251723021153529,0.16083733100741388,0.2551222045825038,10
23,Inox Green,164.27,344.66,6021.9,-74.19,68.38,30.42,2.9,5.56,0.09,1.06,0.87,19.91,7.6,2025-08-04,Mid Cap,0.41855314960629925,0.025444596443228447,0.0,1.0,0.0,0.0,0.029853389318499915,0.4211949411251636,0.2117044949517955,11
24,GMR Urban,112.05,0.0,8030.37,-389.44,1648.45,2.29,13.24,-80.42,17.48,0.0,7.57,3.04,6.67,2025-08-04,Mid Cap,0.0034448818897637825,0.0,0.10929853181076672,0.0,1.0,0.3323690131790421,0.0,0.17583951155691233,0.20643419243711758,12
25,K.P. Energy,501.95,29.15,3361.38,83.9,401.2,93.57,42.3,45.79,0.8,46.25,5.12,38.55,19.63,2025-08-04,Small Cap,1.0,1.0,0.7553846153846154,0.07725742757944395,0.021668472372697724,0.8516483516483516,0.7753225567254931,0.4245701000175469,0.9315032690856833,1
26,Surana Telecom,18.76,10.82,253.6,258.58,4.77,-27.62,17.85,19.22,0.04,16.15,11.48,6.23,-12.01,2025-08-04,Small Cap,0.35860289740027784,0.3327709827077182,1.0,0.028676684954016592,0.0010834236186348862,0.5981754094961642,0.9192413531728377,0.158755922091595,0.7281648805846103,2
27,Guj Inds. Power,197.04,14.48,3061.66,5.36,338.25,-9.24,6.44,69.73,0.58,6.19,6.6,11.27,1.92,2025-08-04,Small Cap,0.4586227426076602,0.626528890763391,0.8123076923076922,0.03837693143568949,0.01570964247020585,0.47988803649181005,0.7106134757031983,0.19907001228285665,0.7067715821735742,3
28,IND Renewable,14.29,0.0,19.9,100.0,0.0,0.0,-0.23,0.0,0.02,-0.31,-0.29,22.35,4.08,2025-08-04,Small Cap,0.6785076404048421,0.6720792914382117,0.5473076923076923,0.0,0.0005417118093174431,0.4107402031930334,0.7885873416052861,0.21933672574135812,0.6949358544303358,4
29,Insolation Ener,224.75,40.59,4952.21,41.6,706.88,90.01,56.61,61.58,0.06,49.87,3.32,-4.46,-21.54,2025-08-04,Small Cap,0.14645763048223853,0.13180092787853226,0.6861538461538461,0.10757732368609367,0.0016251354279523292,1.0,0.7404716001779623,0.4167617125811546,0.6837726383493918,5
30,Orient Green,13.69,44.85,1605.88,29.03,41.47,15.26,6.65,-16.16,0.51,3.84,5.29,17.51,-9.93,2025-08-04,Small Cap,0.5824568366739432,0.37663433150569375,0.7619230769230769,0.11886777450902442,0.0138136511375948,0.4820651047066141,0.73011518117554,0.2528075100894894,0.6776854381147247,6
31,Waa Solar,67.88,12.92,90.05,356.6,13.86,355.92,3.22,7.26,0.76,3.78,4.65,-11.84,-27.79,2025-08-04,Small Cap,0.0,0.0,0.7373076923076923,0.034242400148419075,0.020585048754062838,0.44650632386481437,1.0,1.0,0.6312800583442532,7
32,Karma Energy Ltd,56.09,45.28,64.3,117.24,0.94,-8.74,3.59,0.3,0.05,3.62,2.22,8.62,-11.18,2025-08-04,Small Cap,0.4060329430442548,0.35027414592998735,0.6438461538461537,0.12000742095359254,0.0013542795232936078,0.45034211071946917,0.8027913721225304,0.20016669591156344,0.6204433530149818,8
33,Ujaas Energy,308.4,377.31,3339.23,-97.43,7.77,13.6,10.44,0.3,0.28,10.14,0.34,5.53,18.78,2025-08-04,Small Cap,0.34471125223258586,0.9820750738085195,0.5715384615384616,1.0,0.007583965330444204,0.5213560024880779,0.6259248273930167,0.24916652044218282,0.6043475799619493,9
34,Globus Power,15.0,0.0,148.42,33.33,0.0,0.0,-7.29,-0.1,0.0,-7.29,-0.33,-5.0,-10.13,2025-08-04,Small Cap,0.13574121849573328,0.37241670181358066,0.5457692307692308,0.0,0.0,0.33754924320962054,0.7336579498080313,0.21933672574135812,0.5481868503971062,10
35,Veer Energy,17.92,148.94,26.81,-385.0,2.48,-24.16,0.39,-0.57,0.0,0.28,0.94,9.47,-12.5,2025-08-04,Small Cap,0.42290136931930944,0.3224377899620413,0.5946153846153845,0.394741724311574,0.0,0.4171677379224549,0.3889959958475456,0.166344972802246,0.5302174228335922,11
36,Gita Renewable,117.75,0.0,48.42,-110.0,0.0,-100.0,-2.93,-0.01,0.0,-2.93,-0.81,1.86,-16.34,2025-08-04,Small Cap,0.2718793411391149,0.2414592998734711,0.5273076923076923,0.0,0.0,0.38274932614555257,0.6155684083905943,0.0,0.5205690406815964,12
37,Energy Devl.Co.,20.72,0.0,99.04,-424.71,2.82,-28.43,3.89,-26.97,36.92,-75.55,3.33,19.49,-13.95,2025-08-04,Small Cap,0.6217503472911291,0.2918599746942218,0.6865384615384615,0.0,1.0,0.4534522081691893,0.3562789394763294,0.15697929461309,0.5163655056482747,13
38,Waaree Tech.,294.6,0.0,317.23,45.01,4.64,-69.17,-39.85,-3.03,4.77,-617.49,-2.23,10.36,-24.12,2025-08-04,Small Cap,0.44056360388966065,0.0773935048502741,0.47269230769230763,0.0,0.12919826652221017,0.0,0.7432810980934961,0.0676215125460607,0.4404024622611864,14
39,Indowind Energy,17.79,181.25,228.37,-857.14,4.8,8.11,1.88,-4.77,0.02,0.49,2.34,-3.99,-23.25,2025-08-04,Small Cap,0.1557848779519746,0.09574019401096581,0.6484615384615384,0.4803742280883093,0.0005417118093174431,0.4326145552560647,0.0,0.23712493419898226,0.4295648789680973,15
40,Advance Meter.,26.95,0.0,43.28,-147.39,3.24,16.13,-7.45,-7.1,0.18,-9.84,-14.52,7.8,-25.78,2025-08-04,Small Cap,0.3897598729906728,0.042387178405735935,0.0,0.0,0.004875406283856988,0.3358905245697698,0.5847627992815595,0.2547157396034392,0.41546047588352947,16
41,Adani Power,578.7,18.35,223201.03,-15.53,14109.15,-5.66,22.54,3305.13,0.7,25.72,7.36,9.78,16.0,2025-08-05,Large Cap,0.8173532628508933,0.893976897689769,0.7964959568733155,0.036473956913007914,0.032840722495894904,1.0,0.485968324534593,0.0,0.8576640799683315,1
42,NLC India,246.2,13.0,34139.0,311.11,3836.0,8.34,10.75,468.46,1.2,14.87,8.27,9.63,10.81,2025-08-05,Large Cap,0.8118847976667883,0.6798679867986799,0.9191374663072777,0.0,0.11494252873563218,0.33276740237691005,0.9901824580902102,0.16611295681063123,0.7782791800231788,2
43,CESC,165.9,15.95,21991.2,2.38,5202.0,6.97,10.88,387.0,1.5,11.67,8.87,-0.5,18.57,2025-08-05,Large Cap,0.4425811155668976,1.0,1.0,0.020111808017452954,0.16420361247947454,0.34012450481041323,0.5136148930258405,0.14985761746559087,0.7323277772965678,3
44,JSW Energy,545.7,44.17,95375.7,42.43,5143.37,78.62,6.49,743.12,1.83,7.41,4.01,14.79,8.82,2025-08-05,Large Cap,1.0,0.5977722772277227,0.3450134770889488,0.21250340878101992,0.21839080459770116,0.09168081494057727,0.5754376215615449,1.0,0.641459040808346,4
45,NTPC,331.4,13.42,321347.53,9.8,47065.36,-3.02,10.76,6010.6,1.36,13.59,8.24,-2.94,6.14,2025-08-05,Large Cap,0.3536274152387897,0.4872112211221121,0.9150943396226416,0.0028633760567221157,0.14121510673234813,0.33333333333333337,0.5250686919205952,0.03132415757000475,0.6170427667154833,5
46,Tata Power Co.,386.0,29.88,123340.08,9.16,18035.07,4.29,10.81,1059.86,1.75,10.97,6.51,2.58,5.95,2025-08-05,Large Cap,0.5548669340138535,0.4793729372937294,0.6819407008086253,0.1150804472320698,0.20525451559934318,0.33616298811545,0.524080763174956,0.11805885144755576,0.5909371836600623,6
47,Power Grid Corpn,286.4,17.25,266369.28,-2.51,11196.22,1.73,12.89,3630.58,1.41,17.26,7.15,-7.44,2.42,2025-08-05,Large Cap,0.18957345971563982,0.3337458745874587,0.7681940700808627,0.028974638669211888,0.14942528735632182,0.4538766270514997,0.5060664999536908,0.08768391077361178,0.5644470880421142,7
48,NHPC Ltd,84.41,28.21,84790.16,56.95,2346.97,24.38,7.39,853.64,1.0,7.67,4.94,0.1,7.58,2025-08-05,Large Cap,0.46445497630331756,0.5466171617161716,0.47035040431266856,0.1036951186255795,0.08210180623973727,0.1426146010186757,0.5978512549782347,0.3564309444708116,0.5511023492275652,8
49,Adani Energy Sol,788.35,39.54,94703.07,317.47,6819.28,26.79,10.23,512.48,1.83,12.84,4.62,-8.27,3.41,2025-08-05,Large Cap,0.15931461903025887,0.37458745874587457,0.42722371967654993,0.18093809653667847,0.21839080459770116,0.3033389926428976,1.0,0.3850261034646417,0.5247675743633358,9
50,Torrent Power,1306.35,23.3,65827.46,146.27,6456.34,-1.11,15.95,1059.57,0.5,19.03,5.49,-12.64,-4.56,2025-08-05,Large Cap,0.0,0.0457920792079208,0.5444743935309974,0.07022088901008999,0.0,0.6270514997170344,0.7357290605415084,0.05398671096345515,0.513123478780282,10
51,Adani Green,979.0,86.35,158852.17,54.12,3800.0,36.01,8.7,724.08,6.59,14.61,3.33,7.91,-0.78,2025-08-05,Large Cap,0.7491797302223843,0.2017326732673267,0.2533692722371968,0.5000681756203981,1.0,0.21675155631013013,0.5934827575561112,0.4944233507356431,0.39544481950005766,11
52,SJVN,93.58,45.01,36775.01,-330.35,504.4,4.45,4.87,-127.6,1.91,5.79,3.06,1.35,-4.42,2025-08-05,Large Cap,0.5100255195041925,0.05156765676567656,0.21698113207547173,0.21823016089446412,0.2315270935960591,0.0,0.0,0.11995728523967726,0.2946552059304901,12
53,NTPC Green Ene.,105.35,159.68,88771.4,59.07,680.21,17.59,4.87,220.48,1.05,3.84,1.45,5.85,-5.67,2025-08-05,Large Cap,0.6740794750273424,0.0,0.0,1.0,0.09031198686371102,0.0,0.6011237689481645,0.27586616041765544,0.27977971550431224,13
54,Reliance Infra.,281.25,2.43,11141.19,164.33,5907.82,-17.87,34.01,59.72,0.44,37.52,62.19,23.14,8.88,2025-08-05,Mid Cap,0.4699069286452947,0.1729518855656697,1.0,0.0071405483235873176,0.020126509488211614,1.0,0.052440638867266284,0.0,0.6989461802371915,1
55,Nava,615.6,16.36,17864.79,13.69,1018.2,10.21,17.17,234.67,0.12,15.03,9.17,40.81,40.68,2025-08-05,Mid Cap,0.8353671147880041,1.0,0.13535551206784086,0.048073815050982925,0.0017251293847038527,0.4586949533911926,0.038175406299657,0.24491931966855648,0.61744473846326,2
56,KPI Green Energy,530.75,32.57,10473.88,129.28,569.41,96.78,17.5,99.19,0.57,18.66,4.54,48.77,19.29,2025-08-05,Mid Cap,1.0,0.44369310793237965,0.059849967384213956,0.0957068555140901,0.027602070155261643,0.469302475088396,0.04912149122059405,1.0,0.6149657112395032,3
57,ACME Solar Hold.,275.9,40.89,16694.36,10170.5,510.98,65.02,8.4,142.76,2.43,7.5,5.22,27.83,14.33,2025-08-05,Mid Cap,0.566907962771458,0.31469440832249673,0.07093933463796477,0.12015515265493226,0.13456009200690053,0.17679202828672452,1.0,0.7229829917139119,0.528613402954239,4
58,JP Power Ven.,19.21,17.73,13165.5,-20.2,1583.16,-9.78,10.26,278.13,0.31,6.85,9.42,42.07,29.32,2025-08-05,Mid Cap,0.8614270941054808,0.7045513654096228,0.1394324853228963,0.05209955628691487,0.012650948821161587,0.23657987785278045,0.034966107761975916,0.0705625817706062,0.5141770600048513,5
59,Powergrid Infra.,93.05,7.22,8467.54,172.2,311.33,-0.91,16.05,686.77,0.14,15.36,15.78,13.65,15.08,2025-08-05,Mid Cap,0.2736297828335057,0.3342002600780234,0.24315068493150685,0.021215950163086597,0.002875215641173089,0.4226936676309868,0.053185908253266585,0.14792847797645006,0.44204569899177376,6
60,PTC India,175.25,7.71,5187.55,16.17,3006.27,-14.29,11.51,118.95,0.51,12.28,23.88,0.42,23.06,2025-08-05,Mid Cap,0.0,0.541742522756827,0.3752446183953033,0.022655813816814082,0.02415181138585394,0.2767598842815815,0.038410256118879466,0.031225468818142185,0.41394508892233645,7
61,Reliance Power,45.32,0.0,18743.32,145.46,1885.58,-5.35,6.15,44.68,0.93,-1.08,5.59,21.66,12.24,2025-08-05,Mid Cap,0.43929679420889345,0.2603381014304291,0.07697325505544683,0.0,0.04830362277170788,0.10446801671488269,0.05065369689600509,0.10920191888355867,0.35238868800074985,8
62,RattanIndia Pow.,12.68,58.82,6809.29,-114.1,821.96,-11.79,8.69,-13.11,0.79,4.96,6.18,22.12,12.29,2025-08-05,Mid Cap,0.44881075491209926,0.2616384915474642,0.08659491193737769,0.17284240839234816,0.040253018976423235,0.18611378977820633,0.026074011784157865,0.05303096380287834,0.34771008213387783,9
63,IndiGrid Trust,156.06,38.71,13024.1,-46.06,839.85,0.57,7.51,72.37,3.9,6.6,5.73,5.94,9.45,2025-08-05,Mid Cap,0.1141675284384695,0.18777633289986992,0.0792563600782779,0.11374922864447122,0.2190914318573893,0.1481838637094182,0.03251723021153529,0.16083733100741388,0.276831014029999,10
64,Inox Green,162.0,340.31,5945.67,-74.19,68.38,30.42,2.9,5.56,0.09,1.06,0.87,19.89,9.19,2025-08-05,Mid Cap,0.402688728024819,0.18101430429128734,0.0,1.0,0.0,0.0,0.029853389318499915,0.4211949411251636,0.2326602878917823,11
65,GMR Urban,108.95,0.0,7788.14,-389.44,1648.45,2.29,13.24,-80.42,17.48,0.0,7.58,1.42,2.23,2025-08-05,Mid Cap,0.020682523267838676,0.0,0.10942596216568819,0.0,1.0,0.3323690131790421,0.0,0.17583951155691233,0.20904532471481307,12
66,K.P. Energy,482.35,27.96,3227.27,83.9,401.2,93.57,42.3,45.79,0.8,46.25,5.13,39.43,13.94,2025-08-05,Small Cap,1.0,1.0,0.7573189522342064,0.06699573489241387,0.021668472372697724,0.8516483516483516,0.7753225567254931,0.4245701000175469,0.9329163057243044,1
67,Surana Telecom,18.62,10.79,252.79,258.58,4.77,-27.62,17.85,19.22,0.04,16.15,11.43,3.19,-10.84,2025-08-05,Small Cap,0.24326581749843393,0.37345132743362836,1.0,0.02585421958115685,0.0010834236186348862,0.5981754094961642,0.9192413531728377,0.158755922091595,0.7172486168455062,2
68,Guj Inds. Power,195.7,14.37,3037.58,5.36,338.25,-9.24,6.44,69.73,0.58,6.19,6.6,9.33,3.09,2025-08-05,Small Cap,0.3714762998538317,0.7256637168141593,0.8139445300462249,0.034432357310586095,0.01570964247020585,0.47988803649181005,0.7106134757031983,0.19907001228285665,0.7092916646283319,3
69,IND Renewable,14.5,0.0,20.19,100.0,0.0,0.0,-0.23,0.0,0.02,-0.31,-0.29,21.0,3.48,2025-08-05,Small Cap,0.615159741073293,0.7355246523388117,0.5485362095531587,0.0,0.0005417118093174431,0.4107402031930334,0.7885873416052861,0.21933672574135812,0.6951961771147869,4
70,Orient Green,13.58,44.5,1592.98,29.03,41.47,15.26,6.65,-16.16,0.51,3.84,5.29,17.11,-8.61,2025-08-05,Small Cap,0.5339319273334725,0.42983565107458915,0.763482280431433,0.10662768965351992,0.0138136511375948,0.4820651047066141,0.73011518117554,0.2528075100894894,0.6799227488362102,5
71,Insolation Ener,223.0,40.27,4913.66,41.6,706.88,90.01,56.61,61.58,0.06,49.87,3.32,-4.22,-20.55,2025-08-05,Small Cap,0.08853622885779915,0.12793931731984828,0.6875963020030815,0.09649206881679208,0.0016251354279523292,1.0,0.7404716001779623,0.4167617125811546,0.6759022031787005,6
72,Waa Solar,67.03,12.76,88.92,356.6,13.86,355.92,3.22,7.26,0.76,3.78,4.65,-8.46,-24.22,2025-08-05,Small Cap,0.0,0.03514538558786348,0.7388289676425269,0.030574591460200317,0.020585048754062838,0.44650632386481437,1.0,1.0,0.6372229021182214,7
73,Karma Energy Ltd,56.5,46.03,65.37,117.24,0.94,-8.74,3.59,0.3,0.05,3.62,2.2,6.53,-12.36,2025-08-05,Small Cap,0.3130089789100021,0.33501896333754744,0.6444530046224961,0.1102937652753151,0.0013542795232936078,0.45034211071946917,0.8027913721225304,0.20016669591156344,0.605294216729074,8
74,Ujaas Energy,332.35,417.34,3693.49,-97.43,7.77,13.6,10.44,0.3,0.28,10.14,0.33,5.53,13.12,2025-08-05,Small Cap,0.2921277928586344,0.9792667509481668,0.5724191063174113,1.0,0.007583965330444204,0.5213560024880779,0.6259248273930167,0.24916652044218282,0.5962149415825936,9
75,Globus Power,15.0,0.0,148.42,33.33,0.0,0.0,-7.29,-0.1,0.0,-7.29,-0.33,-2.6,-10.61,2025-08-05,Small Cap,0.12236375026101486,0.3792667509481669,0.5469953775038521,0.0,0.0,0.33754924320962054,0.7336579498080313,0.21933672574135812,0.5474529668790107,10
76,Gita Renewable,115.0,0.0,47.28,-110.0,0.0,-100.0,-2.93,-0.01,0.0,-2.93,-0.81,3.47,-15.2,2025-08-05,Small Cap,0.2491125495928169,0.26321112515802786,0.5285053929121725,0.0,0.0,0.38274932614555257,0.6155684083905943,0.0,0.5206563358632312,11
77,Veer Energy,17.8,147.95,26.64,-385.0,2.48,-24.16,0.39,-0.57,0.0,0.28,0.94,5.66,-12.03,2025-08-05,Small Cap,0.2948423470453122,0.3433628318584071,0.5959167950693374,0.35450711649973643,0.0,0.4171677379224549,0.3889959958475456,0.166344972802246,0.5184310686489219,12
78,Energy Devl.Co.,20.61,0.0,97.9,-424.71,2.82,-28.43,3.89,-26.97,36.92,-75.55,3.34,15.24,-12.5,2025-08-05,Small Cap,0.49488410941741495,0.33147914032869785,0.6883667180277349,0.0,1.0,0.4534522081691893,0.3562789394763294,0.15697929461309,0.5036440961102437,13
79,Advance Meter.,27.84,0.0,44.71,-147.39,3.24,16.13,-7.45,-7.1,0.18,-9.84,-14.53,10.41,-25.06,2025-08-05,Small Cap,0.39402798078930884,0.013906447534766138,0.0,0.0,0.004875406283856988,0.3358905245697698,0.5847627992815595,0.2547157396034392,0.41182858242267945,14
80,Waaree Tech.,293.15,0.0,315.67,45.01,4.64,-69.17,-39.85,-3.03,4.77,-617.49,-2.23,6.87,-25.61,2025-08-05,Small Cap,0.3201085821674671,0.0,0.4738058551617873,0.0,0.12919826652221017,0.0,0.7432810980934961,0.0676215125460607,0.4109478927692122,15
81,Indowind Energy,17.73,181.25,228.37,-857.14,4.8,8.11,1.88,-4.77,0.02,0.49,2.33,-5.77,-25.47,2025-08-05,Small Cap,0.056170390478179184,0.0035398230088495722,0.6494607087827426,0.4342981741505727,0.0005417118093174431,0.4326145552560647,0.0,0.23712493419898226,0.40560008965472505,16
82,Adani Power,573.2,18.19,221079.73,-15.53,14109.15,-5.66,22.54,3305.13,0.7,25.72,7.41,11.4,17.28,2025-08-06,Large Cap,0.802463891248938,0.8501420454545455,0.8043184885290149,0.03791826659352716,0.032840722495894904,1.0,0.485968324534593,0.07486278814489572,0.8577618005703322,1
83,NLC India,239.05,12.66,33147.57,311.11,3836.0,8.34,10.75,468.46,1.2,14.87,8.37,8.65,10.6,2025-08-06,Large Cap,0.685641461342396,0.6129261363636362,0.9338731443994601,0.0,0.11494252873563218,0.33276740237691005,0.9901824580902102,0.22854006586169043,0.7584912485328057,2
84,CESC,164.0,15.78,21739.36,2.38,5202.0,6.97,10.88,387.0,1.5,11.67,8.86,2.17,21.5,2025-08-06,Large Cap,0.4103653355989805,1.0,1.0,0.02139330773450356,0.16420361247947454,0.34012450481041323,0.5136148930258405,0.21350164654226123,0.7337316632373422,3
85,JSW Energy,526.7,42.59,92054.96,42.43,5143.37,78.62,6.49,743.12,1.83,7.41,4.01,16.05,10.95,2025-08-06,Large Cap,1.0,0.6253551136363636,0.34547908232118757,0.2052249040043884,0.21839080459770116,0.09168081494057727,0.5754376215615449,1.0,0.646417437793753,4
86,NTPC,334.15,13.52,324014.11,9.8,47065.36,-3.02,10.76,6010.6,1.36,13.59,8.22,-1.88,5.25,2025-08-06,Large Cap,0.23831775700934582,0.42294034090909094,0.9136302294197033,0.005896873285792645,0.14121510673234813,0.33333333333333337,0.5250686919205952,0.10384193194291987,0.5967612916229103,5
87,Tata Power Co.,384.3,29.8,122796.9,9.16,18035.07,4.29,10.81,1059.86,1.75,10.97,6.53,4.16,5.03,2025-08-06,Large Cap,0.49490229396771457,0.41512784090909094,0.6855600539811066,0.11752605595172792,0.20525451559934318,0.33616298811545,0.524080763174956,0.18408342480790338,0.579387490294011,6
88,NHPC Ltd,84.49,28.24,84870.49,56.95,2346.97,24.38,7.39,853.64,1.0,7.67,4.87,6.27,10.07,2025-08-06,Large Cap,0.5845369583687341,0.5941051136363636,0.46153846153846156,0.10682940208447612,0.08210180623973727,0.1426146010186757,0.5978512549782347,0.4046103183315038,0.5789799598107447,7
89,Power Grid Corpn,286.6,17.25,266555.28,-2.51,11196.22,1.73,12.89,3630.58,1.41,17.26,7.18,-7.22,2.82,2025-08-06,Large Cap,0.01146983857264233,0.3366477272727273,0.7732793522267206,0.03147284695556774,0.14942528735632182,0.4538766270514997,0.5060664999536908,0.15598243688254665,0.5457639109848844,8
90,Adani Energy Sol,795.4,39.86,95550.02,317.47,6819.28,26.79,10.23,512.48,1.83,12.84,4.61,-4.4,3.7,2025-08-06,Large Cap,0.1312659303313509,0.36789772727272724,0.426450742240216,0.18650575973669775,0.21839080459770116,0.3033389926428976,1.0,0.4310647639956091,0.5234493155833554,9
91,Torrent Power,1323.25,24.27,66679.04,-24.77,7906.37,-12.48,15.95,731.44,0.5,19.03,5.25,-7.49,-6.66,2025-08-06,Large Cap,0.0,0.0,0.5128205128205129,0.07960778935820076,0.0,0.6270514997170344,0.4717051032694267,0.0,0.46718413389863217,10
92,Adani Green,968.1,85.41,157083.54,54.12,3800.0,36.01,8.7,724.08,6.59,14.61,3.37,10.36,-1.79,2025-08-06,Large Cap,0.758283772302464,0.1729403409090909,0.25910931174089075,0.49883433900164564,1.0,0.21675155631013013,0.5934827575561112,0.5322722283205268,0.39754785527943665,11
93,SJVN,92.58,44.46,36382.02,-330.35,504.4,4.45,4.87,-127.6,1.91,5.79,3.05,4.48,-2.14,2025-08-06,Large Cap,0.5084961767204759,0.16051136363636362,0.21592442645074225,0.21804717498628634,0.2315270935960591,0.0,0.0,0.18583973655323818,0.31716256314076363,12
94,NTPC Green Ene.,104.55,158.5,88097.26,59.07,680.21,17.59,4.87,220.48,1.05,3.84,1.45,7.3,-6.26,2025-08-06,Large Cap,0.6282922684791844,0.014204545454545468,0.0,1.0,0.09031198686371102,0.0,0.6011237689481645,0.3300768386388584,0.2804633841623907,13
95,Reliance Infra.,274.25,2.38,10863.89,164.33,5907.82,-17.87,34.01,59.72,0.44,37.52,64.68,20.44,-1.8,2025-08-06,Mid Cap,0.4194693962815961,0.02955870108243131,1.0,0.00714178544636159,0.020126509488211614,1.0,0.052440638867266284,0.0,0.6698714489978734,1
96,Nava,617.75,16.43,17927.17,13.69,1018.2,10.21,17.17,234.67,0.12,15.03,9.25,41.99,44.82,2025-08-06,Mid Cap,0.8696469605180699,1.0,0.1311912225705329,0.04930232558139535,0.0017251293847038527,0.4586949533911926,0.038175406299657,0.30816505706760317,0.6279555801101717,2
97,KPI Green Energy,521.5,28.68,10291.37,55.03,602.94,73.25,17.5,104.19,0.57,18.66,5.19,48.23,12.14,2025-08-06,Mid Cap,1.0,0.3197335553705246,0.06755485893416928,0.08606151537884471,0.027602070155261643,0.469302475088396,0.04209020127008298,1.0,0.5981741616836894,3
98,ACME Solar Hold.,266.85,39.56,16146.78,10170.5,510.98,65.02,8.4,142.76,2.43,7.5,5.28,26.39,16.12,2025-08-06,Mid Cap,0.5437643618132443,0.4025811823480433,0.06896551724137931,0.11870967741935484,0.13456009200690053,0.17679202828672452,1.0,0.9096795434591747,0.5567443181331058,4
99,JP Power Ven.,19.09,17.6,13083.29,-20.2,1583.16,-9.78,10.26,278.13,0.31,6.85,9.5,45.54,28.9,2025-08-06,Mid Cap,0.943806141633591,0.668609492089925,0.13510971786833853,0.05281320330082521,0.012650948821161587,0.23657987785278045,0.034966107761975916,0.08878402107111502,0.5220288618738617,5
100,Powergrid Infra.,93.75,7.38,8531.24,-1.14,313.28,-0.73,16.05,190.76,0.14,15.36,15.74,15.66,15.33,2025-08-06,Mid Cap,0.3196156256528097,0.3861365528726062,0.2329153605015674,0.022145536384096023,0.002875215641173089,0.4226936676309868,0.036771042259709806,0.18810359964881473,0.45697002139364884,6
101,PTC India,181.25,7.97,5365.15,16.17,3006.27,-14.29,11.51,118.95,0.51,12.28,23.18,3.25,26.07,2025-08-06,Mid Cap,0.06037184040108628,0.6097002497918401,0.3495297805642633,0.023915978994748687,0.02415181138585394,0.2767598842815815,0.038410256118879466,0.039288849868305546,0.42873187805876617,7
102,RattanIndia Pow.,12.54,58.15,6734.11,-114.1,821.96,-11.79,8.69,-13.11,0.79,4.96,6.19,25.87,12.05,2025-08-06,Mid Cap,0.5329016085230834,0.31786011656952545,0.08322884012539185,0.17449362340585145,0.040253018976423235,0.18611378977820633,0.026074011784157865,0.06672519754170327,0.36928804143896965,8
103,Reliance Power,43.29,0.0,17903.75,145.46,1885.58,-5.35,6.15,44.68,0.93,-1.08,5.76,18.14,8.03,2025-08-06,Mid Cap,0.37142260288280765,0.23417985012489592,0.07648902821316614,0.0,0.04830362277170788,0.10446801671488269,0.05065369689600509,0.13740122914837577,0.3410069072640326,9
104,IndiGrid Trust,156.28,38.77,13042.47,-46.06,839.85,0.57,7.51,72.37,3.9,6.6,5.73,6.41,9.78,2025-08-06,Mid Cap,0.12638395654898685,0.2706078268109908,0.07601880877742948,0.11633908477119281,0.2190914318573893,0.1481838637094182,0.03251723021153529,0.20237050043898155,0.29433502340355966,10
105,Inox Green,158.65,333.25,5822.7,-74.19,68.38,30.42,2.9,5.56,0.09,1.06,0.88,21.54,10.24,2025-08-06,Mid Cap,0.4424482974723209,0.2801831806827644,0.0,1.0,0.0,0.0,0.029853389318499915,0.5299604916593503,0.2643761098210478,11
106,GMR Urban,107.45,0.0,7680.91,-389.44,1648.45,2.29,13.24,-80.42,17.48,0.0,7.68,0.36,-3.22,2025-08-06,Mid Cap,0.0,0.0,0.10658307210031347,0.0,1.0,0.3323690131790421,0.0,0.2212467076382792,0.20991508781969906,12
107,K.P. Energy,460.7,25.13,3082.42,39.59,219.47,72.57,42.3,25.42,0.8,46.25,5.99,32.17,10.9,2025-08-06,Small Cap,1.0,0.9488597097442986,0.7930258717660291,0.057349551564389874,0.021668472372697724,0.8516483516483516,0.681488630836576,0.3785093876118617,0.9193618005956561,1
108,Guj Inds. Power,197.3,14.49,3062.41,5.36,338.25,-9.24,6.44,69.73,0.58,6.19,6.65,11.09,3.62,2025-08-06,Small Cap,0.46767676767676764,0.7811564155724487,0.8177727784026997,0.0330678472808599,0.01570964247020585,0.47988803649181005,0.655474829766537,0.19907001228285665,0.7274338756961173,2
109,Surana Telecom,18.57,10.75,252.11,258.58,4.77,-27.62,17.85,19.22,0.04,16.15,11.51,2.31,-12.25,2025-08-06,Small Cap,0.24595959595959596,0.4155724487445289,1.0,0.024532736940596545,0.0010834236186348862,0.5981754094961642,0.8479146400778211,0.158755922091595,0.7169703287658701,3
110,IND Renewable,13.73,0.0,19.12,100.0,0.0,0.0,-0.23,0.0,0.02,-0.31,-0.3,19.97,1.22,2025-08-06,Small Cap,0.6919191919191918,0.7258696152960148,0.557180352455943,0.0,0.0005417118093174431,0.4107402031930334,0.7273984678988327,0.21933672574135812,0.7008717803951637,4
111,Orient Green,13.41,43.91,1573.03,29.03,41.47,15.26,6.65,-16.16,0.51,3.84,5.35,16.77,-8.78,2025-08-06,Small Cap,0.611111111111111,0.49550794747753973,0.769028871391076,0.10020767247084597,0.0138136511375948,0.4820651047066141,0.6734633390077821,0.2528075100894894,0.6974366065567187,5
112,Insolation Ener,225.2,40.68,4962.12,41.6,706.88,90.01,56.61,61.58,0.06,49.87,3.33,-3.55,-22.99,2025-08-06,Small Cap,0.09797979797979797,0.16816401750748677,0.6932883389576303,0.09283644081334581,0.0016251354279523292,1.0,0.6830161721789884,0.4167617125811546,0.6791108709665032,6
113,Waa Solar,67.76,12.9,89.9,356.6,13.86,355.92,3.22,7.26,0.76,3.78,4.65,-7.43,-20.75,2025-08-06,Small Cap,0.0,0.21976503109882514,0.7427821522309712,0.029439284328715856,0.020585048754062838,0.44650632386481437,0.9224069795719845,1.0,0.6580607145329015,7
114,Ujaas Energy,348.95,438.19,3877.97,-97.43,7.77,13.6,10.44,0.3,0.28,10.14,0.31,10.8,13.12,2025-08-06,Small Cap,0.46035353535353535,1.0,0.5800524934383202,1.0,0.007583965330444204,0.5213560024880779,0.5773574294747083,0.24916652044218282,0.6212287279469547,8
115,Karma Energy Ltd,56.0,45.63,64.8,117.24,0.94,-8.74,3.59,0.3,0.05,3.62,2.24,7.73,-14.53,2025-08-06,Small Cap,0.3828282828282828,0.3630499884819166,0.6524184476940381,0.10413291038134144,0.0013542795232936078,0.45034211071946917,0.7405003647859922,0.20016669591156344,0.6159518394585234,9
116,Energy Devl.Co.,20.11,0.0,95.52,458.7,10.29,51.77,3.89,1.65,36.92,-75.55,4.27,12.07,-14.79,2025-08-06,Small Cap,0.49242424242424243,0.3570605851186363,0.7285339332583427,0.0,1.0,0.4534522081691893,1.0,0.33288734865765923,0.597108687282704,10
117,Globus Power,14.21,0.0,140.61,33.33,0.0,0.0,-7.29,-0.1,0.0,-7.29,-0.33,1.77,-8.5,2025-08-06,Small Cap,0.2323232323232323,0.5019580741764571,0.5560554930633671,0.0,0.0,0.33754924320962054,0.6767312135214009,0.21933672574135812,0.5784699371558268,11
118,Gita Renewable,115.1,0.0,47.33,-110.0,0.0,-100.0,-2.93,-0.01,0.0,-2.93,-0.83,1.77,-17.13,2025-08-06,Small Cap,0.2323232323232323,0.3031559548491131,0.5373078365204349,0.0,0.0,0.38274932614555257,0.567804596303502,0.0,0.5211137702393995,12
119,Veer Energy,17.24,143.28,25.8,-385.0,2.48,-24.16,0.39,-0.57,0.0,0.28,0.96,1.1,-12.04,2025-08-06,Small Cap,0.21540404040404038,0.42041004376871693,0.604424446944132,0.3269814464045277,0.0,0.4171677379224549,0.3588126215953307,0.166344972802246,0.5195081643985359,13
120,Waaree Tech.,294.4,0.0,317.01,45.01,4.64,-69.17,-39.85,-3.03,4.77,-617.49,-2.24,8.16,-24.14,2025-08-06,Small Cap,0.3936868686868687,0.1416724257083621,0.4844394450693663,0.0,0.12919826652221017,0.0,0.6856076726653697,0.0676215125460607,0.43959487504207984,14
121,Indowind Energy,17.49,178.8,225.28,-857.14,4.8,8.11,1.88,-4.77,0.02,0.49,2.37,-4.27,-26.01,2025-08-06,Small Cap,0.0797979797979798,0.09859479382630726,0.6572928383952006,0.4080421734863872,0.0005417118093174431,0.4326145552560647,0.0,0.23712493419898226,0.4275944996642239,15
122,Advance Meter.,26.0,0.0,41.75,-147.39,3.24,16.13,-7.45,-7.1,0.18,-9.84,-15.16,4.68,-30.29,2025-08-06,Small Cap,0.3058080808080808,0.0,0.0,0.0,0.004875406283856988,0.3358905245697698,0.5393892874513619,0.2547157396034392,0.3919722791122605,16
123,Adani Power,578.95,18.41,223514.12,-15.53,14109.15,-5.66,22.54,3305.13,0.7,25.72,7.41,13.08,17.17,2025-08-07,Large Cap,0.8627929687500001,0.824376199616123,0.8090040927694406,0.04231361029514617,0.032840722495894904,1.0,0.485968324534593,0.07486278814489572,0.8634438717976514,1
124,CESC,165.84,15.95,21979.17,2.38,5202.0,6.97,10.88,387.0,1.5,11.67,8.81,5.16,22.66,2025-08-07,Large Cap,0.47607421875,1.0,1.0,0.025108406770177644,0.16420361247947454,0.34012450481041323,0.5136148930258405,0.21350164654226123,0.7432164858064275,2
125,NLC India,233.34,12.36,32397.32,311.11,3836.0,8.34,10.75,468.46,1.2,14.87,8.49,5.99,7.76,2025-08-07,Large Cap,0.5166015625,0.5233525271912988,0.9563437926330149,0.0,0.11494252873563218,0.33276740237691005,0.9901824580902102,0.22854006586169043,0.7241933519773067,3
126,JSW Energy,532.9,43.11,93190.93,42.43,5143.37,78.62,6.49,743.12,1.83,7.41,4.03,15.89,9.96,2025-08-07,Large Cap,1.0,0.5937300063979528,0.3478854024556617,0.21506504406210655,0.21839080459770116,0.09168081494057727,0.5754376215615449,1.0,0.6411709217291145,4
127,NTPC,329.75,13.34,319555.12,9.8,47065.36,-3.02,10.76,6010.6,1.36,13.59,8.27,-1.49,4.04,2025-08-07,Large Cap,0.15136718749999997,0.4043506078055023,0.9263301500682127,0.006854105469296407,0.14121510673234813,0.33333333333333337,0.5250686919205952,0.10384193194291987,0.5833745071423215,5
128,Tata Power Co.,385.55,29.88,123148.41,9.16,18035.07,4.29,10.81,1059.86,1.75,10.97,6.53,3.92,5.03,2025-08-07,Large Cap,0.41552734375,0.4360204734484965,0.688949522510232,0.1225346202266051,0.20525451559934318,0.33616298811545,0.524080763174956,0.18408342480790338,0.5707921799206019,6
129,NHPC Ltd,83.41,27.86,83775.66,56.95,2346.97,24.38,7.39,853.64,1.0,7.67,4.94,6.98,7.72,2025-08-07,Large Cap,0.56494140625,0.5220729366602688,0.47203274215552526,0.10840677017764722,0.08210180623973727,0.1426146010186757,0.5978512549782347,0.4046103183315038,0.5671769197606159,7
130,Power Grid Corpn,285.55,17.21,265578.75,-2.51,11196.22,1.73,12.78,3630.58,1.41,17.0,7.19,-4.59,2.66,2025-08-07,Large Cap,0.0,0.3602047344849648,0.7789904502046385,0.03392082808784446,0.14942528735632182,0.44765138653084324,0.5060664999536908,0.15598243688254665,0.5472293596590482,8
131,Torrent Power,1357.5,24.89,68402.32,-24.77,7906.37,-12.48,15.95,731.44,0.5,19.03,5.1,-1.04,-3.54,2025-08-07,Large Cap,0.17333984375,0.1618682021753039,0.4938608458390177,0.08763463421457546,0.0,0.6270514997170344,0.4717051032694267,0.0,0.5128707229054912,9
132,Adani Energy Sol,794.6,39.86,95508.25,317.47,6819.28,26.79,10.23,512.48,1.83,12.84,4.64,-3.93,2.74,2025-08-07,Large Cap,0.032226562499999986,0.362763915547025,0.4311050477489768,0.1923345922506644,0.21839080459770116,0.3033389926428976,1.0,0.4310647639956091,0.5081713165001529,10
133,Adani Green,936.7,82.59,151940.98,54.12,3800.0,36.01,8.7,724.08,6.59,14.61,3.45,6.51,-5.34,2025-08-07,Large Cap,0.5419921875,0.10428662827895073,0.26875852660300137,0.49118757868233315,1.0,0.21675155631013013,0.5934827575561112,0.5322722283205268,0.35750057966889937,11
134,SJVN,93.31,44.83,36672.9,-330.35,504.4,4.45,4.87,-127.6,1.91,5.79,3.05,4.95,-2.18,2025-08-07,Large Cap,0.46582031249999994,0.2053742802303263,0.2141882673942701,0.22709469855923903,0.2315270935960591,0.0,0.0,0.18583973655323818,0.316238636828197,12
135,NTPC Green Ene.,102.45,155.34,86369.13,59.07,680.21,17.59,4.87,220.48,1.05,3.84,1.48,5.27,-8.6,2025-08-07,Large Cap,0.48144531249999994,0.0,0.0,1.0,0.09031198686371102,0.0,0.6011237689481645,0.3300768386388584,0.2563056589473312,13
136,Reliance Infra.,281.3,2.43,11135.62,164.33,5907.82,-17.87,34.01,59.72,0.44,37.52,64.72,19.91,-1.82,2025-08-07,Mid Cap,0.3486150907354347,0.0,1.0,0.007432329102309222,0.020126509488211614,1.0,0.052440638867266284,0.0,0.6547804436379898,1
137,Nava,607.3,16.15,17632.64,13.69,1018.2,10.21,17.17,234.67,0.12,15.03,9.35,41.08,43.23,2025-08-07,Mid Cap,0.8541069723018148,1.0,0.13226766964425637,0.04939593209970943,0.0017251293847038527,0.4586949533911926,0.038175406299657,0.30816505706760317,0.6258305106406468,2
138,KPI Green Energy,512.75,28.25,10130.09,55.03,602.94,73.25,17.5,104.19,0.57,18.66,5.37,47.19,7.98,2025-08-07,Mid Cap,1.0,0.2175360710321865,0.06989500078357624,0.0864046490289035,0.027602070155261643,0.469302475088396,0.04209020127008298,1.0,0.5832782540378142,3
139,ACME Solar Hold.,276.8,41.04,16748.83,10170.5,510.98,65.02,8.4,142.76,2.43,7.5,5.22,30.32,18.21,2025-08-07,Mid Cap,0.5971824259789877,0.4446170921198669,0.0675442720576712,0.12552378039455575,0.13456009200690053,0.17679202828672452,1.0,0.9096795434591747,0.5700967548894791,4
140,JP Power Ven.,18.94,17.46,12973.65,-20.2,1583.16,-9.78,10.26,278.13,0.31,6.85,9.64,42.51,26.69,2025-08-07,Mid Cap,0.8882521489971347,0.6328523862375139,0.1368124118476728,0.05340266095733293,0.012650948821161587,0.23657987785278045,0.034966107761975916,0.08878402107111502,0.5086137901307476,5
141,Powergrid Infra.,94.1,7.42,8554.93,-1.14,313.28,-0.73,16.05,190.76,0.14,15.36,15.64,15.09,16.23,2025-08-07,Mid Cap,0.23352435530085966,0.40066592674805773,0.230841560883874,0.022694601621042972,0.002875215641173089,0.4226936676309868,0.036771042259709806,0.18810359964881473,0.44576607047494066,6
142,PTC India,180.78,7.98,5359.78,16.17,3006.27,-14.29,11.51,118.95,0.51,12.28,22.9,5.51,27.33,2025-08-07,Mid Cap,0.004775549188156643,0.6470588235294118,0.34461683121767744,0.02440740174338584,0.02415181138585394,0.2767598842815815,0.038410256118879466,0.039288849868305546,0.4249644882932816,7
143,RattanIndia Pow.,12.09,56.02,6487.21,-114.1,821.96,-11.79,8.69,-13.11,0.79,4.96,6.39,22.74,7.09,2025-08-07,Mid Cap,0.41618911174785106,0.19778024417314097,0.08587995611973044,0.17134118366722742,0.040253018976423235,0.18611378977820633,0.026074011784157865,0.06672519754170327,0.33461465323595724,8
144,Reliance Power,45.12,0.0,18613.54,145.46,1885.58,-5.35,6.15,44.68,0.93,-1.08,5.77,16.74,7.84,2025-08-07,Mid Cap,0.27292263610315187,0.2144284128745838,0.07616361071932298,0.0,0.04830362277170788,0.10446801671488269,0.05065369689600509,0.13740122914837577,0.3232041131607688,9
145,IndiGrid Trust,155.86,38.57,12981.67,-46.06,839.85,0.57,7.51,72.37,3.9,6.6,5.74,5.31,9.45,2025-08-07,Mid Cap,0.0,0.25016648168701444,0.07569346497414198,0.11796910842636489,0.2190914318573893,0.1481838637094182,0.03251723021153529,0.20237050043898155,0.2720831570264405,10
146,GMR Urban,114.48,0.0,8194.67,-389.44,1648.45,2.29,13.24,-80.42,17.48,0.0,7.5,8.77,1.63,2025-08-07,Mid Cap,0.08261700095510985,0.07658157602663708,0.10327534869142767,0.0,1.0,0.3323690131790421,0.0,0.2212467076382792,0.23313332968518394,11
147,Inox Green,156.56,326.95,5712.5,-74.19,68.38,30.42,2.9,5.56,0.09,1.06,0.91,18.32,7.33,2025-08-07,Mid Cap,0.31064947468958937,0.20310765815760268,0.0,1.0,0.0,0.0,0.029853389318499915,0.5299604916593503,0.23304495802486383,12
148,K.P. Energy,459.1,25.05,3069.71,39.59,219.47,72.57,42.3,25.42,0.8,46.25,6.07,34.02,9.34,2025-08-07,Small Cap,1.0,0.7340445442635224,0.7745241581259151,0.05790033284023669,0.021668472372697724,0.8516483516483516,0.681488630836576,0.3785093876118617,0.8833841049179321,1
149,IND Renewable,14.15,0.0,19.71,100.0,0.0,0.0,-0.23,0.0,0.02,-0.31,-0.3,24.45,1.87,2025-08-07,Small Cap,0.7412114656571118,0.5942354482500468,0.5413616398243045,0.0,0.0005417118093174431,0.4107402031930334,0.7273984678988327,0.21933672574135812,0.6853567538726287,2
150,Guj Inds. Power,191.88,14.1,2981.85,5.36,338.25,-9.24,6.44,69.73,0.58,6.19,6.72,10.58,1.97,2025-08-07,Small Cap,0.36614386154678197,0.5961070559610705,0.798316251830161,0.03259060650887574,0.01570964247020585,0.47988803649181005,0.655474829766537,0.19907001228285665,0.6806029545976033,3
151,Surana Telecom,17.99,10.15,244.5,38.42,4.14,-5.48,17.85,2.45,0.04,16.15,12.23,2.86,-15.26,2025-08-07,Small Cap,0.15738236884802595,0.2736290473516751,1.0,0.023460613905325445,0.0010834236186348862,0.5981754094961642,0.6805994649805448,0.2073170731707317,0.6706240443919197,4
152,Orient Green,13.22,43.31,1550.75,29.03,41.47,15.26,6.65,-16.16,0.51,3.84,5.44,18.78,-10.74,2025-08-07,Small Cap,0.5878853434288804,0.3582257158899495,0.7514641288433382,0.10010632396449705,0.0138136511375948,0.4820651047066141,0.6734633390077821,0.2528075100894894,0.6698575930073328,5
153,Insolation Ener,223.1,40.29,4915.85,41.6,706.88,90.01,56.61,61.58,0.06,49.87,3.35,-0.42,-23.35,2025-08-07,Small Cap,0.06868577609518658,0.12221598352985209,0.6749633967789166,0.09312592455621302,0.0016251354279523292,1.0,0.6830161721789884,0.4167617125811546,0.6641306257771369,6
154,Ujaas Energy,353.65,432.64,3828.84,-97.43,7.77,13.6,10.44,0.3,0.28,10.14,0.29,21.02,23.55,2025-08-07,Small Cap,0.648458626284478,1.0,0.5629575402635432,1.0,0.007583965330444204,0.5213560024880779,0.5773574294747083,0.24916652044218282,0.6460255009516407,7
155,Waa Solar,67.5,12.85,89.55,356.6,13.86,355.92,3.22,7.26,0.76,3.78,4.66,-2.96,-21.05,2025-08-07,Small Cap,0.0,0.1652629608833988,0.722913616398243,0.029701368343195266,0.020585048754062838,0.44650632386481437,0.9224069795719845,1.0,0.645885488432594,8
156,Karma Energy Ltd,55.04,44.48,63.17,117.24,0.94,-8.74,3.59,0.3,0.05,3.62,2.26,9.93,-14.81,2025-08-07,Small Cap,0.34856679286100595,0.28205128205128205,0.6350658857979503,0.10281065088757396,0.0013542795232936078,0.45034211071946917,0.7405003647859922,0.20016669591156344,0.5953245235689959,9
157,Energy Devl.Co.,20.14,0.0,94.73,458.7,10.29,51.77,3.89,1.65,36.92,-75.55,4.3,15.22,-15.59,2025-08-07,Small Cap,0.49161709031909134,0.2674527419052966,0.7097364568081992,0.0,1.0,0.4534522081691893,1.0,0.33288734865765923,0.5797869426949017,10
158,Globus Power,14.19,0.0,140.4,33.33,0.0,0.0,-7.29,-0.1,0.0,-7.29,-0.35,2.23,-13.21,2025-08-07,Small Cap,0.1403461330448891,0.31199700542766234,0.5395314787701317,0.0,0.0,0.33754924320962054,0.6767312135214009,0.21933672574135812,0.5328744090931091,11
159,Veer Energy,17.41,144.75,26.05,-385.0,2.48,-24.16,0.39,-0.57,0.0,0.28,0.97,1.69,-12.69,2025-08-07,Small Cap,0.125743645213629,0.32172936552498593,0.5878477306002928,0.3345737795857988,0.0,0.4171677379224549,0.3588126215953307,0.166344972802246,0.4871824267965195,12
160,Gita Renewable,116.2,0.0,47.79,-110.0,0.0,-100.0,-2.93,-0.01,0.0,-2.93,-0.82,-0.56,-16.34,2025-08-07,Small Cap,0.06489994591671172,0.2534156840726184,0.5223279648609077,0.0,0.0,0.38274932614555257,0.567804596303502,0.0,0.48554326233004175,13
161,Waaree Tech.,294.25,0.0,316.85,45.01,4.64,-69.17,-39.85,-3.03,4.77,-617.49,-2.24,12.48,-24.18,2025-08-07,Small Cap,0.41752298539751215,0.10668163952835484,0.47035139092240114,0.0,0.12919826652221017,0.0,0.6856076726653697,0.0676215125460607,0.4351040637922823,14
162,Indowind Energy,17.21,175.32,220.9,-857.14,4.8,8.11,1.88,-4.77,0.02,0.49,2.41,-2.88,-27.11,2025-08-07,Small Cap,0.0021633315305570598,0.051843533595358406,0.6405563689604685,0.4052329881656805,0.0005417118093174431,0.4326145552560647,0.0,0.23712493419898226,0.4058702380345925,15
163,Advance Meter.,25.65,0.0,41.2,-147.39,3.24,16.13,-7.45,-7.1,0.18,-9.84,-15.09,5.69,-29.88,2025-08-07,Small Cap,0.23391022174148188,0.0,0.0,0.0,0.004875406283856988,0.3358905245697698,0.5393892874513619,0.2547157396034392,0.3811876002522707,16
164,Adani Power,576.9,18.34,222679.89,-15.53,14109.15,-5.66,22.54,3305.13,0.7,25.72,7.44,12.68,16.76,2025-08-08,Large Cap,0.9982896237172177,0.8679624664879357,0.8040540540540541,0.04910807974816368,0.032840722495894904,1.0,0.485968324534593,0.07486278814489572,0.8886368553851269,1
165,CESC,163.19,15.7,21637.2,2.38,5202.0,6.97,10.88,387.0,1.5,11.67,8.89,3.47,20.7,2025-08-08,Large Cap,0.47320410490307874,1.0,1.0,0.030640083945435458,0.16420361247947454,0.34012450481041323,0.5136148930258405,0.21350164654226123,0.7422328010118636,2
166,NLC India,232.34,11.32,32222.64,42.57,3825.61,13.32,10.75,797.59,1.2,14.87,8.3,5.54,7.3,2025-08-08,Large Cap,0.5912200684150514,0.5509383378016086,0.9202702702702703,0.0,0.11494252873563218,0.33276740237691005,0.5756537309746534,0.283205268935236,0.6963229425793608,3
167,JSW Energy,518.3,41.84,90459.53,42.43,5143.37,78.62,6.49,743.12,1.83,7.41,4.12,12.71,6.94,2025-08-08,Large Cap,1.0,0.5388739946380697,0.3554054054054054,0.21350122420426723,0.21839080459770116,0.09168081494057727,0.5754376215615449,1.0,0.6346029025408646,4
168,NTPC,334.75,13.54,324350.0,9.8,47065.36,-3.02,10.76,6010.6,1.36,13.59,8.2,0.0,5.62,2025-08-08,Large Cap,0.27537058152793614,0.4946380697050939,0.9067567567567566,0.01552990556138509,0.14121510673234813,0.33333333333333337,0.5250686919205952,0.10384193194291987,0.6107358768599506,5
169,Tata Power Co.,378.8,29.36,121023.77,9.16,18035.07,4.29,10.81,1059.86,1.75,10.97,6.61,2.1,3.19,2025-08-08,Large Cap,0.395096921322691,0.41320375335120646,0.6918918918918918,0.12619797131864285,0.20525451559934318,0.33616298811545,0.524080763174956,0.18408342480790338,0.5645272473090404,6
170,NHPC Ltd,81.78,27.33,82158.15,56.95,2346.97,24.38,7.39,853.64,1.0,7.67,5.01,4.89,5.62,2025-08-08,Large Cap,0.5541619156214367,0.4946380697050939,0.4756756756756756,0.11199720181881774,0.08210180623973727,0.1426146010186757,0.5978512549782347,0.4046103183315038,0.5618143096629682,7
171,Power Grid Corpn,284.85,17.17,264834.95,-2.51,11196.22,1.73,12.78,3630.58,1.41,17.0,7.2,-4.83,2.41,2025-08-08,Large Cap,0.0,0.3870643431635389,0.7716216216216216,0.040923399790136414,0.14942528735632182,0.44765138653084324,0.5060664999536908,0.15598243688254665,0.5490842780740017,8
172,Adani Energy Sol,790.15,39.62,94937.27,317.47,6819.28,26.79,10.23,512.48,1.83,12.84,4.66,-4.47,2.17,2025-08-08,Large Cap,0.020524515393386563,0.3790214477211796,0.42837837837837833,0.1979713186428821,0.21839080459770116,0.3033389926428976,1.0,0.4310647639956091,0.5077456327469426,9
173,Torrent Power,1335.8,24.5,67306.48,-24.77,7906.37,-12.48,15.95,731.44,0.5,19.03,5.17,-2.62,-5.08,2025-08-08,Large Cap,0.12599771949828964,0.13605898123324398,0.4972972972972972,0.09220006995452955,0.0,0.6270514997170344,0.4717051032694267,0.0,0.5021287678440861,10
174,Adani Green,914.05,80.59,148250.1,54.12,3800.0,36.01,8.7,724.08,6.59,14.61,3.51,3.93,-7.63,2025-08-08,Large Cap,0.49942987457240595,0.050603217158176964,0.2729729729729729,0.4845750262329486,1.0,0.21675155631013013,0.5934827575561112,0.5322722283205268,0.344567865580577,11
175,SJVN,92.1,44.23,36181.78,-330.35,504.4,4.45,4.87,-127.6,1.91,5.79,3.08,3.59,-3.45,2025-08-08,Large Cap,0.48004561003420754,0.19068364611260055,0.21486486486486486,0.23022035676810068,0.2315270935960591,0.0,0.0,0.18583973655323818,0.31599159001390204,12
176,NTPC Green Ene.,101.84,154.27,85771.88,59.07,680.21,17.59,4.87,220.48,1.05,3.84,1.49,4.64,-9.14,2025-08-08,Large Cap,0.5399087799315849,0.0,0.0,1.0,0.09031198686371102,0.0,0.6011237689481645,0.3300768386388584,0.26507517906206896,13
177,Reliance Infra.,273.4,2.36,10805.26,164.33,5907.82,-17.87,34.01,59.72,0.44,37.52,66.22,16.54,-4.57,2025-08-08,Mid Cap,0.3386061439706557,0.0,1.0,0.007230835222746492,0.020126509488211614,1.0,0.052440638867266284,0.0,0.6532992510112292,1
178,Nava,606.35,16.11,17587.66,13.69,1018.2,10.21,17.17,234.67,0.12,15.03,9.37,40.86,43.01,2025-08-08,Mid Cap,0.8961485557083906,1.0,0.12953605879650895,0.04935964213493474,0.0017251293847038527,0.4586949533911926,0.038175406299657,0.30816505706760317,0.6315940549785611,2
179,KPI Green Energy,506.45,27.86,9989.46,55.03,602.94,73.25,17.5,104.19,0.57,18.66,5.44,45.39,6.65,2025-08-08,Mid Cap,1.0,0.23581336696090796,0.06936150666054203,0.08536062258716832,0.027602070155261643,0.469302475088396,0.04209020127008298,1.0,0.586017552246689,3
180,ACME Solar Hold.,270.9,40.22,16412.58,10170.5,510.98,65.02,8.4,142.76,2.43,7.5,5.29,27.54,15.7,2025-08-08,Mid Cap,0.5907840440165062,0.4260193358554014,0.06706476802939824,0.12323059010968809,0.13456009200690053,0.17679202828672452,1.0,0.9096795434591747,0.5664807523782693,4
181,JP Power Ven.,19.16,17.67,13131.23,-20.2,1583.16,-9.78,10.26,278.13,0.31,6.85,9.54,44.17,28.16,2025-08-08,Mid Cap,0.9720311783585511,0.6878940731399749,0.13213902924513854,0.05413934677369937,0.012650948821161587,0.23657987785278045,0.034966107761975916,0.08878402107111502,0.5284285524681858,5
182,Powergrid Infra.,91.37,7.21,8310.24,-1.14,313.28,-0.73,16.05,190.76,0.14,15.36,16.08,11.75,12.86,2025-08-08,Mid Cap,0.22879413113250804,0.36633039092055486,0.23227683356300716,0.022090814388136527,0.002875215641173089,0.4226936676309868,0.036771042259709806,0.18810359964881473,0.4402536397346797,6
183,PTC India,174.38,8.34,5161.22,40.94,4009.17,-11.98,11.51,195.05,0.51,12.28,26.04,1.77,22.82,2025-08-08,Mid Cap,0.0,0.5756620428751577,0.3847802786709539,0.02555303633801091,0.02415181138585394,0.2767598842815815,0.040755913385871506,0.06464003511852502,0.4242264490998339,7
184,RattanIndia Pow.,11.85,54.9,6358.32,-114.1,821.96,-11.79,8.69,-13.11,0.79,4.96,6.47,20.3,4.96,2025-08-08,Mid Cap,0.42480513525905556,0.20029424127784787,0.08513244526106262,0.16820883632575526,0.040253018976423235,0.18611378977820633,0.026074011784157865,0.06672519754170327,0.3364478888907576,8
185,Reliance Power,43.03,0.0,17741.18,145.46,1885.58,-5.35,6.15,44.68,0.93,-1.08,5.93,11.33,2.84,2025-08-08,Mid Cap,0.21916552040348466,0.1557377049180328,0.07686418618894503,0.0,0.04830362277170788,0.10446801671488269,0.05065369689600509,0.13740122914837577,0.30647705470626047,9
186,IndiGrid Trust,157.04,38.95,13109.26,-46.06,839.85,0.57,7.51,72.37,3.9,6.6,5.72,6.11,10.28,2025-08-08,Mid Cap,0.0994956441999083,0.31210592686002525,0.07364875210534373,0.11933942030761689,0.2190914318573893,0.1481838637094182,0.03251723021153529,0.20237050043898155,0.2957524466704935,10
187,GMR Urban,114.23,0.0,8132.18,-389.44,1648.45,2.29,13.24,-80.42,17.48,0.0,7.53,8.53,1.41,2025-08-08,Mid Cap,0.15497478220999542,0.12568306010928962,0.10136273158781198,0.0,1.0,0.3323690131790421,0.0,0.2212467076382792,0.25096969606509145,11
188,Inox Green,154.72,326.38,5702.52,-74.19,68.38,30.42,2.9,5.56,0.09,1.06,0.91,16.93,6.07,2025-08-08,Mid Cap,0.34754699679046314,0.2236233711643548,0.0,1.0,0.0,0.0,0.029853389318499915,0.5299604916593503,0.24165694329100773,12
189,K.P. Energy,443.65,24.23,2969.3,39.59,219.47,72.57,42.3,25.42,0.8,46.25,6.26,29.51,5.66,2025-08-08,Small Cap,1.0,0.6105226601840597,0.780997798972854,0.05062471271572438,0.021668472372697724,0.8516483516483516,0.681488630836576,0.3785093876118617,0.8668781124878517,1
190,IND Renewable,14.23,0.0,19.82,100.0,0.0,0.0,-0.23,0.0,0.02,-0.31,-0.3,25.15,2.45,2025-08-08,Small Cap,0.8696951583980872,0.5547838166348323,0.5403521643433602,0.0,0.0005417118093174431,0.4107402031930334,0.7273984678988327,0.21933672574135812,0.6985096679453041,2
191,Guj Inds. Power,193.05,14.16,2993.01,5.36,338.25,-9.24,6.44,69.73,0.58,6.19,6.7,11.26,2.59,2025-08-08,Small Cap,0.454572624028691,0.5572147942351103,0.7971386647101981,0.02958505703898709,0.01570964247020585,0.47988803649181005,0.655474829766537,0.19907001228285665,0.688098467233992,3
192,Orient Green,13.25,43.5,1557.8,29.03,41.47,15.26,6.65,-16.16,0.51,3.84,5.42,19.05,-10.53,2025-08-08,Small Cap,0.6873879258816498,0.32939746483764537,0.7501834189288334,0.09088629810705778,0.0138136511375948,0.4820651047066141,0.6734633390077821,0.2528075100894894,0.6811246033202457,4
193,Ujaas Energy,366.65,478.62,4235.78,-97.43,7.77,13.6,10.44,0.3,0.28,10.14,0.27,25.47,28.09,2025-08-08,Small Cap,0.8792588164973102,1.0,0.5612619222303742,1.0,0.007583965330444204,0.5213560024880779,0.5773574294747083,0.24916652044218282,0.6803064058769317,5
194,Surana Telecom,18.02,10.15,244.5,38.42,4.14,-5.48,17.85,2.45,0.04,16.15,12.23,3.03,-15.12,2025-08-08,Small Cap,0.20860729228930067,0.24969612779996528,1.0,0.02120680289164682,0.0010834236186348862,0.5981754094961642,0.6805994649805448,0.2073170731707317,0.6749432260767222,6
195,Insolation Ener,223.9,40.44,4933.48,41.6,706.88,90.01,56.61,61.58,0.06,49.87,3.34,-0.07,-23.07,2025-08-08,Small Cap,0.11595935445307831,0.11165132835561728,0.6738811445341159,0.08449291713676821,0.0016251354279523292,1.0,0.6830161721789884,0.4167617125811546,0.6702838145476697,7
196,Waa Solar,68.25,12.99,90.54,356.6,13.86,355.92,3.22,7.26,0.76,3.78,4.64,-1.88,-20.18,2025-08-08,Small Cap,0.06186491332934848,0.16183365167563812,0.7215700660308144,0.027140529020935188,0.020585048754062838,0.44650632386481437,0.9224069795719845,1.0,0.6546382029095724,8
197,Karma Energy Ltd,53.96,44.28,62.88,117.24,0.94,-8.74,3.59,0.3,0.05,3.62,2.27,7.77,-16.48,2025-08-08,Small Cap,0.3502689778840406,0.2260809168258378,0.6346294937637565,0.09251598345242573,0.0013542795232936078,0.45034211071946917,0.7405003647859922,0.20016669591156344,0.5881264848753105,9
198,Energy Devl.Co.,19.94,0.0,93.01,458.7,10.29,51.77,3.89,1.65,36.92,-75.55,4.34,14.07,-16.43,2025-08-08,Small Cap,0.5385534967124925,0.22694912311165133,0.710564930300807,0.0,1.0,0.4534522081691893,1.0,0.33288734865765923,0.5809175555333868,10
199,Globus Power,13.73,0.0,135.86,33.33,0.0,0.0,-7.29,-0.1,0.0,-7.29,-0.36,-1.08,-16.02,2025-08-08,Small Cap,0.08577405857740586,0.2340684146553221,0.5381511371973589,0.0,0.0,0.33754924320962054,0.6767312135214009,0.21933672574135812,0.5127232409925809,11
200,Veer Energy,17.35,144.22,25.96,-385.0,2.48,-24.16,0.39,-0.57,0.0,0.28,0.97,1.34,-12.99,2025-08-08,Small Cap,0.15809922295277942,0.2866817155756207,0.586940572267058,0.30132464167815803,0.0,0.4171677379224549,0.3588126215953307,0.166344972802246,0.4899220980891044,12
201,Gita Renewable,116.5,0.0,47.9,-110.0,0.0,-100.0,-2.93,-0.01,0.0,-2.93,-0.82,-0.3,-16.13,2025-08-08,Small Cap,0.10908547519426182,0.23215836082653238,0.5212765957446809,0.0,0.0,0.38274932614555257,0.567804596303502,0.0,0.48877221941151605,13
202,Waaree Tech.,293.0,0.0,315.5,45.01,4.64,-69.17,-39.85,-3.03,4.77,-617.49,-2.25,12.0,-24.5,2025-08-08,Small Cap,0.476688583383144,0.08682062858135092,0.46881878209831257,0.0,0.12919826652221017,0.0,0.6856076726653697,0.0676215125460607,0.4406932300832588,14
203,Indowind Energy,17.02,173.78,218.97,-857.14,4.8,8.11,1.88,-4.77,0.02,0.49,2.44,-3.95,-27.91,2025-08-08,Small Cap,0.0,0.02760895988886959,0.6408657373440939,0.36308553758722995,0.0005417118093174431,0.4326145552560647,0.0,0.23712493419898226,0.4061871709836057,15
204,Advance Meter.,25.79,0.0,41.41,-147.39,3.24,16.13,-7.45,-7.1,0.18,-9.84,-15.03,6.26,-29.5,2025-08-08,Small Cap,0.30514046622833235,0.0,0.0,0.0,0.004875406283856988,0.3358905245697698,0.5393892874513619,0.2547157396034392,0.3918721369252983,16
205,Adani Power,576.9,18.33,222506.81,-15.53,14109.15,-5.66,22.54,3305.13,0.7,25.72,7.44,5.55,15.81,2025-08-10,Large Cap,0.8875128998968007,0.6655183213279048,0.8040540540540541,0.0490141238987554,0.032840722495894904,1.0,0.485968324534593,0.07486278814489572,0.8416631206230005,1
206,CESC,163.19,15.7,21631.98,2.38,5202.0,6.97,10.88,387.0,1.5,11.67,8.89,-2.14,26.49,2025-08-10,Large Cap,0.4907120743034055,1.0,1.0,0.030625087400363578,0.16420361247947454,0.34012450481041323,0.5136148930258405,0.21350164654226123,0.7448604960764199,2
207,NLC India,232.34,11.32,32217.11,42.57,3825.61,13.32,10.75,797.59,1.2,14.87,8.3,0.88,14.53,2025-08-10,Large Cap,0.6465428276573787,0.6254306295020357,0.9202702702702703,0.0,0.11494252873563218,0.33276740237691005,0.5756537309746534,0.283205268935236,0.7157952002207739,3
208,JSW Energy,518.3,41.9,90586.84,42.43,5143.37,78.62,6.49,743.12,1.83,7.41,4.11,7.73,11.01,2025-08-10,Large Cap,1.0,0.5151894769808957,0.35405405405405405,0.2138162494755978,0.21839080459770116,0.09168081494057727,0.5754376215615449,1.0,0.6307484520948853,4
209,NTPC,334.75,13.55,324595.9,9.8,47065.36,-3.02,10.76,6010.6,1.36,13.59,8.2,-3.96,9.54,2025-08-10,Large Cap,0.39680082559339525,0.4691512683996242,0.9067567567567566,0.015592224863655435,0.14121510673234813,0.33333333333333337,0.5250686919205952,0.10384193194291987,0.625121161343722,5
210,Power Grid Corpn,284.85,17.17,264927.7,-2.51,11196.22,1.73,12.78,3630.58,1.41,17.0,7.2,-7.83,8.95,2025-08-10,Large Cap,0.19711042311661506,0.45067334794863767,0.7716216216216216,0.04090337015801986,0.14942528735632182,0.44765138653084324,0.5060664999536908,0.15598243688254665,0.5881941952224705,6
211,Tata Power Co.,378.8,29.37,121039.46,9.16,18035.07,4.29,10.81,1059.86,1.75,10.97,6.61,-3.22,8.51,2025-08-10,Large Cap,0.4349845201238389,0.4368932038834951,0.6918918918918918,0.12620612501748008,0.20525451559934318,0.33616298811545,0.524080763174956,0.18408342480790338,0.5740629893391721,7
212,NHPC Ltd,81.78,27.32,82148.29,56.95,2346.97,24.38,7.39,853.64,1.0,7.67,5.01,-1.82,9.93,2025-08-10,Large Cap,0.5072239422084622,0.4813654870028187,0.4756756756756756,0.11187246538945601,0.08210180623973727,0.1426146010186757,0.5978512549782347,0.4046103183315038,0.5527951998886169,8
213,Torrent Power,1335.8,24.5,67311.44,-24.77,7906.37,-12.48,15.95,731.44,0.5,19.03,5.17,-8.83,4.17,2025-08-10,Large Cap,0.14551083591331268,0.30097087378640774,0.4972972972972972,0.09215494336456438,0.0,0.6270514997170344,0.4717051032694267,0.0,0.5297970318483106,9
214,Adani Energy Sol,790.15,39.61,94919.35,317.47,6819.28,26.79,10.23,512.48,1.83,12.84,4.66,-11.65,7.94,2025-08-10,Large Cap,0.0,0.41904165361728785,0.42837837837837833,0.1978045028667319,0.21839080459770116,0.3033389926428976,1.0,0.4310647639956091,0.510686667899966,10
215,Adani Green,914.05,80.62,148313.41,54.12,3800.0,36.01,8.7,724.08,6.59,14.61,3.51,-2.82,-3.4,2025-08-10,Large Cap,0.4556243550051599,0.06388975884747887,0.2729729729729729,0.4845476157180814,1.0,0.21675155631013013,0.5934827575561112,0.5322722283205268,0.3399927599503721,11
216,SJVN,92.1,44.25,36193.41,-330.35,504.4,4.45,4.87,-127.6,1.91,5.79,3.08,-4.54,1.41,2025-08-10,Large Cap,0.36687306501547984,0.21453178828687755,0.21486486486486486,0.23024751782967415,0.2315270935960591,0.0,0.0,0.18583973655323818,0.3025902134810771,12
217,NTPC Green Ene.,101.84,154.34,85813.74,59.07,680.21,17.59,4.87,220.48,1.05,3.84,1.49,0.08,-5.44,2025-08-10,Large Cap,0.6052631578947368,0.0,0.0,1.0,0.09031198686371102,0.0,0.6011237689481645,0.3300768386388584,0.27487833575654175,13
218,Reliance Infra.,273.4,2.36,10830.23,164.33,5907.82,-17.87,34.01,59.72,0.44,37.52,66.1,7.07,2.21,2025-08-10,Mid Cap,0.23089840470193118,0.0,1.0,0.007261538461538461,0.020126509488211614,1.0,0.052440638867266284,0.0,0.6371400197970413,1
219,Nava,606.35,16.12,17596.35,13.69,1018.2,10.21,17.17,234.67,0.12,15.03,9.37,30.62,57.68,2025-08-10,Mid Cap,0.8900083963056257,1.0,0.1296409941699908,0.049600000000000005,0.0017251293847038527,0.4586949533911926,0.038175406299657,0.30816505706760317,0.6306699823563362,2
220,ACME Solar Hold.,270.9,40.17,16391.83,10170.5,510.98,65.02,8.4,142.76,2.43,7.5,5.3,22.44,32.84,2025-08-10,Mid Cap,0.6610691295829836,0.5521903731746891,0.0671985271555692,0.1236,0.13456009200690053,0.17679202828672452,1.0,0.9096795434591747,0.595938981647337,3
221,KPI Green Energy,506.45,27.88,9994.34,55.03,602.94,73.25,17.5,104.19,0.57,18.66,5.44,33.01,18.18,2025-08-10,Mid Cap,0.9568989644556395,0.2879033711916351,0.06934642528382941,0.08578461538461538,0.027602070155261643,0.469302475088396,0.04209020127008298,1.0,0.5873204819945569,4
222,JP Power Ven.,19.16,17.67,13131.23,-20.2,1583.16,-9.78,10.26,278.13,0.31,6.85,9.54,34.55,34.93,2025-08-10,Mid Cap,1.0,0.5898683973318911,0.1322491561828782,0.054369230769230774,0.012650948821161587,0.23657987785278045,0.034966107761975916,0.08878402107111502,0.5179190613311853,5
223,Powergrid Infra.,91.37,7.21,8314.66,-1.14,313.28,-0.73,16.05,190.76,0.14,15.36,16.07,10.5,11.84,2025-08-10,Mid Cap,0.3268961656870977,0.17360735532720387,0.2324332617367291,0.022184615384615386,0.002875215641173089,0.4226936676309868,0.036771042259709806,0.18810359964881473,0.42608239511396206,6
224,PTC India,174.38,8.34,5161.79,40.94,4009.17,-11.98,11.51,195.05,0.51,12.28,26.04,-1.18,28.63,2025-08-10,Mid Cap,0.0,0.47629349197764553,0.3853942927278306,0.02566153846153846,0.02415181138585394,0.2767598842815815,0.040755913385871506,0.06464003511852502,0.4094331190642297,7
225,RattanIndia Pow.,11.85,54.95,6363.58,-114.1,821.96,-11.79,8.69,-13.11,0.79,4.96,6.47,13.83,13.51,2025-08-10,Mid Cap,0.42009515813042264,0.2037137191274563,0.08514881865602947,0.1690769230769231,0.040253018976423235,0.18611378977820633,0.026074011784157865,0.06672519754170327,0.3361707800027805,8
226,IndiGrid Trust,157.04,38.94,13105.9,-46.06,839.85,0.57,7.51,72.37,3.9,6.6,5.72,6.07,9.93,2025-08-10,Mid Cap,0.20291071928351528,0.13917432846583738,0.0736422215403498,0.11981538461538462,0.2190914318573893,0.1481838637094182,0.03251723021153529,0.20237050043898155,0.2852760656301308,9
227,Reliance Power,43.03,0.0,17796.22,145.46,1885.58,-5.35,6.15,44.68,0.93,-1.08,5.92,0.61,10.08,2025-08-10,Mid Cap,0.050097956898964464,0.14187849287903373,0.07671064743786439,0.0,0.04830362277170788,0.10446801671488269,0.05065369689600509,0.13740122914837577,0.27900733062451644,10
228,Inox Green,154.72,325.0,5678.48,-74.19,68.38,30.42,2.9,5.56,0.09,1.06,0.92,11.72,13.77,2025-08-10,Mid Cap,0.3610411418975651,0.20840093744366323,0.0,1.0,0.0,0.0,0.029853389318499915,0.5299604916593503,0.24139769999896926,11
229,GMR Urban,114.23,0.0,8165.57,-389.44,1648.45,2.29,13.24,-80.42,17.48,0.0,7.51,-0.61,8.42,2025-08-10,Mid Cap,0.01595298068849706,0.11195240670632775,0.10110463332310525,0.0,1.0,0.3323690131790421,0.0,0.2212467076382792,0.2280052081734811,12
230,K.P. Energy,443.65,24.22,2968.33,39.59,219.47,72.57,42.3,25.42,0.8,46.25,6.27,10.16,15.93,2025-08-10,Small Cap,0.538542544229149,0.9928191489361703,0.7813646368305208,0.05260414404239607,0.021668472372697724,0.8516483516483516,0.681488630836576,0.3785093876118617,0.8548793918739068,1
231,Guj Inds. Power,193.05,14.17,2996.44,5.36,338.25,-9.24,6.44,69.73,0.58,6.19,6.69,4.29,13.38,2025-08-10,Small Cap,0.41491154170176914,0.9250000000000002,0.7967718268525312,0.030776247773771772,0.01570964247020585,0.47988803649181005,0.655474829766537,0.19907001228285665,0.7371245991046753,2
232,IND Renewable,14.23,0.0,19.82,100.0,0.0,0.0,-0.23,0.0,0.02,-0.31,-0.3,19.38,5.88,2025-08-10,Small Cap,0.7327295703454085,0.725531914893617,0.5403521643433602,0.0,0.0005417118093174431,0.4107402031930334,0.7273984678988327,0.21933672574135812,0.70357704447622,3
233,Surana Telecom,18.02,10.16,244.64,38.42,4.14,-5.48,17.85,2.45,0.04,16.15,12.23,-1.8,-8.48,2025-08-10,Small Cap,0.28664700926705977,0.34361702127659577,1.0,0.02206680856609183,0.0010834236186348862,0.5981754094961642,0.6805994649805448,0.2073170731707317,0.7006513170774362,4
234,Ujaas Energy,366.65,460.42,4074.68,-97.43,7.77,13.6,10.44,0.3,0.28,10.14,0.28,32.07,16.2,2025-08-10,Small Cap,1.0,1.0,0.5616287600880411,1.0,0.007583965330444204,0.5213560024880779,0.5773574294747083,0.24916652044218282,0.6984909509738686,5
235,Waa Solar,68.25,12.99,90.55,356.6,13.86,355.92,3.22,7.26,0.76,3.78,4.64,-6.55,-12.57,2025-08-10,Small Cap,0.18660488626790225,0.2348404255319149,0.7215700660308144,0.028213370400938274,0.020585048754062838,0.44650632386481437,0.9224069795719845,1.0,0.6841929307907967,6
236,Insolation Ener,223.9,40.44,4933.48,41.6,706.88,90.01,56.61,61.58,0.06,49.87,3.34,-11.31,-14.95,2025-08-10,Small Cap,0.08635214827295702,0.17154255319148937,0.6738811445341159,0.0878328482689718,0.0016251354279523292,1.0,0.6830161721789884,0.4167617125811546,0.6744924242328121,7
237,Orient Green,13.25,43.41,1554.27,29.03,41.47,15.26,6.65,-16.16,0.51,3.84,5.43,8.61,-4.95,2025-08-10,Small Cap,0.5058972198820556,0.43750000000000006,0.7505502567865004,0.0942834803005951,0.0138136511375948,0.4820651047066141,0.6734633390077821,0.2528075100894894,0.6698500270468394,8
238,Karma Energy Ltd,53.96,43.96,62.43,117.24,0.94,-8.74,3.59,0.3,0.05,3.62,2.29,0.13,-10.88,2025-08-10,Small Cap,0.32729570345408593,0.2797872340425532,0.6353631694790903,0.09547804178793276,0.0013542795232936078,0.45034211071946917,0.7405003647859922,0.20016669591156344,0.5925869706028407,9
239,Energy Devl.Co.,19.94,0.0,94.72,458.7,10.29,51.77,3.89,1.65,36.92,-75.55,4.3,4.95,-7.77,2025-08-10,Small Cap,0.42881213142375735,0.36250000000000004,0.7090975788701394,0.0,1.0,0.4534522081691893,1.0,0.33288734865765923,0.5844955119871952,10
240,Veer Energy,17.35,144.22,25.96,-385.0,2.48,-24.16,0.39,-0.57,0.0,0.28,0.97,-2.91,-3.93,2025-08-10,Small Cap,0.2632687447346251,0.4646276595744681,0.586940572267058,0.3132357412797011,0.0,0.4171677379224549,0.3588126215953307,0.166344972802246,0.531198307996054,11
241,Globus Power,13.73,0.0,135.86,33.33,0.0,0.0,-7.29,-0.1,0.0,-7.29,-0.36,-9.67,-12.88,2025-08-10,Small Cap,0.12089300758213985,0.22659574468085103,0.5381511371973589,0.0,0.0,0.33754924320962054,0.6767312135214009,0.21933672574135812,0.5168701828471204,12
242,Gita Renewable,116.5,0.0,47.91,-110.0,0.0,-100.0,-2.93,-0.01,0.0,-2.93,-0.82,-4.9,-13.86,2025-08-10,Small Cap,0.22135636057287278,0.20053191489361702,0.5212765957446809,0.0,0.0,0.38274932614555257,0.567804596303502,0.0,0.5008688853283704,13
243,Waaree Tech.,293.0,0.0,315.51,45.01,4.64,-69.17,-39.85,-3.03,4.77,-617.49,-2.25,6.68,-21.4,2025-08-10,Small Cap,0.46524852569502945,0.0,0.46881878209831257,0.0,0.12919826652221017,0.0,0.6856076726653697,0.0676215125460607,0.425954127142839,14
244,Indowind Energy,17.02,173.98,219.22,-857.14,4.8,8.11,1.88,-4.77,0.02,0.49,2.43,-15.41,-19.94,2025-08-10,Small Cap,0.0,0.038829787234042484,0.6404988994864271,0.37787237739455276,0.0005417118093174431,0.4326145552560647,0.0,0.23712493419898226,0.406318243533116,15
245,Advance Meter.,25.79,0.0,41.42,-147.39,3.24,16.13,-7.45,-7.1,0.18,-9.84,-15.03,-1.04,-20.33,2025-08-10,Small Cap,0.30265374894692504,0.02845744680851065,0.0,0.0,0.004875406283856988,0.3358905245697698,0.5393892874513619,0.2547157396034392,0.39576774635436374,16
246,Adani Power,584.05,18.55,225264.52,-15.53,14109.15,-5.66,22.54,3305.13,0.7,25.72,7.36,3.28,19.13,2025-08-16,Large Cap,0.9140316205533596,0.6914509331727875,0.7918918918918919,0.049366102415185215,0.032840722495894904,1.0,0.05863063266806129,0.07486278814489572,0.8043294210274882,1
247,CESC,162.92,15.67,21596.19,2.38,5202.0,6.97,10.88,387.0,1.5,11.67,8.9,-1.37,29.38,2025-08-16,Large Cap,0.6842885375494071,1.0,1.0,0.028968057227849,0.16420361247947454,0.34012450481041323,0.10926103918131963,0.21350164654226123,0.7336272831961195,2
248,NLC India,237.59,11.58,32945.1,42.57,3825.61,13.32,10.75,797.59,1.2,14.87,8.19,-0.56,14.12,2025-08-16,Large Cap,0.7243083003952568,0.5406381697772427,0.9040540540540539,0.0,0.11494252873563218,0.33276740237691005,0.22287555831966982,0.283205268935236,0.6762200916639951,3
249,JSW Energy,529.15,42.78,92483.17,42.43,5143.37,78.62,6.49,743.12,1.83,7.41,4.05,5.02,22.63,2025-08-16,Large Cap,1.0,0.7968091511137869,0.34459459459459457,0.220978822862809,0.21839080459770116,0.09168081494057727,0.2224797874144852,1.0,0.6350874705694999,4
250,NTPC,339.35,13.73,329056.37,9.8,47065.36,-3.02,9.95,6010.6,1.36,12.13,8.13,-1.09,12.24,2025-08-16,Large Cap,0.6981225296442688,0.48404575556893437,0.895945945945946,0.015227707344712802,0.14121510673234813,0.2874929258630447,0.13023689715610337,0.10384193194291987,0.6217766186459749,5
251,Power Grid Corpn,288.7,17.4,268508.43,-2.51,11196.22,1.73,12.78,3630.58,1.41,17.0,7.13,-3.83,9.69,2025-08-16,Large Cap,0.5627470355731226,0.4072847682119205,0.7608108108108108,0.041221049649408585,0.14942528735632182,0.44765138653084324,0.09543732685022899,0.15598243688254665,0.5932745527087919,6
252,Tata Power Co.,385.3,29.87,123116.43,9.16,18035.07,4.29,10.81,1059.86,1.75,10.97,6.53,-5.05,14.26,2025-08-16,Large Cap,0.5024703557312253,0.5448524984948827,0.6797297297297298,0.12954175224874281,0.20525451559934318,0.33616298811545,0.12842765873240233,0.18408342480790338,0.5580484532721741,7
253,Torrent Power,1329.6,24.38,66999.02,-24.77,7906.37,-12.48,15.95,731.44,0.5,19.03,5.2,-7.85,7.28,2025-08-16,Large Cap,0.3641304347826087,0.3347381095725467,0.5,0.09065797861038316,0.0,0.6270514997170344,0.03250975292587777,0.0,0.5244257590282296,8
254,Adani Energy Sol,775.8,38.89,93195.51,317.47,6819.28,26.79,10.23,512.48,1.83,12.84,4.72,-15.22,10.51,2025-08-16,Large Cap,0.0,0.4319686935580975,0.4351351351351351,0.19342729655074725,0.21839080459770116,0.3033389926428976,1.0,0.4310647639956091,0.5144147958740372,9
255,NHPC Ltd,82.32,27.11,82690.73,4.23,3213.77,19.28,7.42,1065.02,1.0,7.53,5.01,-8.24,12.44,2025-08-16,Large Cap,0.3448616600790514,0.490066225165563,0.47432432432432425,0.10999362561087896,0.08210180623973727,0.14431239388794567,0.11449086899983038,0.3486278814489572,0.4760688582889633,10
256,Adani Green,917.5,80.92,148873.2,54.12,3800.0,36.01,8.7,724.08,6.59,14.61,3.5,-10.06,3.05,2025-08-16,Large Cap,0.25494071146245056,0.2074051776038531,0.27027027027027023,0.4911112685034351,1.0,0.21675155631013013,0.2555266579973992,0.5322722283205268,0.2964250104574747,11
257,SJVN,91.96,52.48,36138.4,-36.27,917.45,5.41,4.87,227.58,1.91,5.79,3.05,-11.75,3.77,2025-08-16,Large Cap,0.17144268774703558,0.22907886815171583,0.20945945945945943,0.28968057227849,0.2315270935960591,0.0,0.0,0.19637760702524698,0.2694871193917744,12
258,NTPC Green Ene.,100.8,152.77,84937.4,59.07,680.21,17.59,4.89,220.48,1.05,3.84,1.5,-3.73,-3.84,2025-08-16,Large Cap,0.5676877470355731,0.0,0.0,1.0,0.09031198686371102,0.0011318619128466087,0.26951998643071184,0.3300768386388584,0.23630801825849118,13
259,ACME Solar Hold.,276.5,41.0,16730.68,10170.5,510.98,65.02,8.4,142.76,2.43,7.5,5.22,18.1,55.63,2025-08-16,Mid Cap,0.8489300542957523,1.0,0.05785627283800244,0.27706446817137453,0.13456009200690053,0.17679202828672452,1.0,0.9096795434591747,0.6740746666973982,1
260,Reliance Infra.,259.8,2.32,10616.24,164.33,5907.82,-17.87,34.01,59.72,0.44,37.52,67.1,-7.05,6.32,2025-08-16,Mid Cap,0.04567230916640053,0.0,1.0,0.01567779429652656,0.020126509488211614,1.0,0.052440638867266284,0.0,0.6085144798832129,2
261,Nava,581.6,16.15,16878.11,-13.39,1193.22,-2.38,17.17,308.28,0.12,15.03,9.76,22.69,47.61,2025-08-16,Mid Cap,0.9955285851165763,0.8373555059825593,0.126979293544458,0.10913636977969995,0.0017251293847038527,0.4586949533911926,0.035610997789760165,0.16999561018437226,0.6015419739329733,3
262,KPI Green Energy,508.65,28.0,10037.75,55.03,602.94,73.25,17.5,104.19,0.57,18.66,5.42,15.2,28.54,2025-08-16,Mid Cap,0.7563078888534015,0.45061853579395655,0.06090133982947626,0.1892147587511826,0.027602070155261643,0.469302475088396,0.04209020127008298,1.0,0.5696070639170421,4
263,JP Power Ven.,18.56,17.12,12720.02,-20.2,1583.16,-9.78,10.26,278.13,0.31,6.85,9.81,22.83,36.87,2025-08-16,Mid Cap,1.0,0.6195497870614479,0.12774056029232644,0.11569130963643737,0.012650948821161587,0.23657987785278045,0.034966107761975916,0.08878402107111502,0.5153373427257878,5
264,Powergrid Infra.,90.9,7.18,8271.89,-1.14,313.28,-0.73,16.05,190.76,0.14,15.36,16.15,9.08,13.0,2025-08-16,Mid Cap,0.5608431810923029,0.1354694788075441,0.22426918392204628,0.04852007027976754,0.002875215641173089,0.4226936676309868,0.036771042259709806,0.18810359964881473,0.45118740489434206,6
265,PTC India,186.49,8.92,5520.26,40.94,4009.17,-11.98,11.51,195.05,0.51,12.28,24.25,0.27,31.29,2025-08-16,Mid Cap,0.2794634302139892,0.5063881565605354,0.34759439707673573,0.06027841600216246,0.02415181138585394,0.2767598842815815,0.040755913385871506,0.06464003511852502,0.4448451663994802,7
266,RattanIndia Pow.,12.03,55.78,6460.24,-114.1,821.96,-11.79,8.69,-13.11,0.79,4.96,6.4,11.08,25.18,2025-08-16,Mid Cap,0.6247205365697861,0.38247819914824577,0.07582216808769794,0.37694283011217733,0.040253018976423235,0.18611378977820633,0.026074011784157865,0.06672519754170327,0.37102733795461174,8
267,IndiGrid Trust,159.7,39.6,13327.89,-46.06,839.85,0.57,7.51,72.37,3.9,6.6,5.68,6.77,12.84,2025-08-16,Mid Cap,0.48706483551580965,0.13222470087203406,0.06485992691839221,0.2676037302338154,0.2190914318573893,0.1481838637094182,0.03251723021153529,0.20237050043898155,0.31032144543966983,9
268,Reliance Power,43.3,0.0,17907.89,145.46,1885.58,-5.35,6.15,44.68,0.93,-1.08,5.9,-3.93,17.22,2025-08-16,Mid Cap,0.1453209837112744,0.22105049685662134,0.06820950060901342,0.0,0.04830362277170788,0.10446801671488269,0.05065369689600509,0.13740122914837577,0.30346635587723086,10
269,Inox Green,154.34,147.98,5664.54,2487.35,56.2,10.5,2.9,22.03,0.09,1.06,1.42,4.14,23.53,2025-08-16,Mid Cap,0.40306611306291923,0.3490164266882985,0.0,1.0,0.0,0.0,0.2724248433229734,0.3113476733977173,0.2711896326347517,11
270,GMR Urban,116.74,0.0,8345.0,-389.44,1648.45,2.29,13.24,-80.42,17.48,0.0,7.44,-8.48,11.54,2025-08-16,Mid Cap,0.0,0.10586088014601498,0.09165651644336177,0.0,1.0,0.3323690131790421,0.0,0.2212467076382792,0.22280890871021095,12
271,K.P. Energy,420.45,22.96,2813.11,39.59,219.47,72.57,42.3,25.42,0.8,46.25,6.59,-3.12,5.76,2025-08-16,Small Cap,0.3799118942731277,0.5779137975006376,0.7888846005403318,0.042373350558272585,0.021668472372697724,0.8516483516483516,0.23895042672961683,0.3785093876118617,0.7271222433448523,1
272,Orient Green,13.17,28.19,1544.88,380.0,87.38,37.74,6.65,28.8,0.51,3.84,6.5,-0.15,2.89,2025-08-16,Small Cap,0.4322466960352423,0.5047181841366999,0.7854110382091857,0.05202546830303589,0.0138136511375948,0.4820651047066141,0.8570909751225712,0.3021144060361467,0.70337658678076,2
273,IND Renewable,14.28,0.0,19.89,80.0,0.0,0.0,-0.23,-0.01,0.02,-0.31,-0.15,13.88,12.97,2025-08-16,Small Cap,0.6794713656387665,0.7617954603417496,0.5287533770744886,0.0,0.0005417118093174431,0.4107402031930334,0.31232976212093694,0.21933672574135812,0.6572012175558796,3
274,Guj Inds. Power,185.07,14.28,2872.58,-15.21,371.52,16.11,6.44,57.47,0.58,6.19,6.68,-5.63,13.05,2025-08-16,Small Cap,0.33568281938325994,0.7638357561846468,0.7923581628714782,0.026354157054535386,0.01570964247020585,0.47988803649181005,0.1394407118213183,0.2546718722582909,0.6545819046633304,4
275,Surana Telecom,18.27,10.3,248.03,38.42,4.14,-5.48,17.85,2.45,0.04,16.15,12.06,-8.28,-6.21,2025-08-16,Small Cap,0.2889867841409691,0.272634532007141,1.0,0.019008950816646674,0.0010834236186348862,0.5981754094961642,0.23682585799891048,0.2073170731707317,0.6462833349948854,5
276,Energy Devl.Co.,20.5,0.0,97.38,458.7,10.29,51.77,3.89,1.65,36.92,-75.55,4.25,3.8,10.57,2025-08-16,Small Cap,0.5018502202643171,0.7005865850548331,0.6985719799305288,0.0,1.0,0.4534522081691893,1.0,0.33288734865765923,0.644059093283582,6
277,Insolation Ener,215.7,38.95,4752.8,41.6,706.88,90.01,56.61,61.58,0.06,49.87,3.47,-15.92,-10.68,2025-08-16,Small Cap,0.15436123348017622,0.15863300178525885,0.6684677730605944,0.07188336255421242,0.0016251354279523292,1.0,0.24260032685672778,0.4167617125811546,0.639228044047506,7
278,Ujaas Energy,366.65,541.85,4074.68,-34.82,2.65,-57.87,10.44,2.49,0.28,10.14,0.24,32.07,22.31,2025-08-16,Small Cap,1.0,1.0,0.5438054805094558,1.0,0.007583965330444204,0.5213560024880779,0.10383148719811149,0.09240656255483419,0.6318977050417569,8
279,Waa Solar,66.85,12.72,88.69,356.6,13.86,355.92,3.22,7.26,0.76,3.78,4.68,-24.68,-16.9,2025-08-16,Small Cap,0.0,0.0,0.7151678888460055,0.023475131493955893,0.020585048754062838,0.44650632386481437,0.8145996005084438,1.0,0.6093887845682066,9
280,Indowind Energy,17.71,122.64,228.11,42.24,11.54,57.01,1.88,2.29,0.02,0.49,2.73,-13.06,1.72,2025-08-16,Small Cap,0.20475770925110132,0.474878857434328,0.6399073716711694,0.22633570176248038,0.0005417118093174431,0.4326145552560647,0.24376248411113127,0.34438059308650637,0.5525764367508452,10
281,Karma Energy Ltd,55.97,95.24,64.76,-92.0,3.06,27.5,3.59,0.06,0.05,3.62,1.16,-10.06,4.66,2025-08-16,Small Cap,0.2576211453744493,0.5498597296608009,0.5793130065611732,0.17576820153178924,0.0013542795232936078,0.45034211071946917,0.0,0.2796543253202316,0.5373063391379309,11
282,Globus Power,14.07,0.0,139.22,12.5,0.0,0.0,-7.29,-0.14,0.0,-7.29,-0.34,-15.04,-2.02,2025-08-16,Small Cap,0.16986784140969163,0.37949502677888297,0.5214203010420687,0.0,0.0,0.33754924320962054,0.18975848919556926,0.21933672574135812,0.4951078605723168,12
283,Veer Energy,16.62,103.62,24.87,29.17,0.65,-36.89,0.39,0.31,0.0,0.28,0.93,-19.71,-0.6,2025-08-16,Small Cap,0.0875770925110132,0.4157102779903086,0.5704361250482439,0.19123373627387655,0.0,0.4171677379224549,0.22002905393136007,0.1384234076153711,0.48973575069662345,13
284,Gita Renewable,114.5,0.0,47.09,53.33,0.0,-100.0,-2.93,-0.07,0.0,-2.93,-0.64,-7.32,-12.13,2025-08-16,Small Cap,0.3059030837004405,0.12165263963274671,0.5098417599382478,0.0,0.0,0.38274932614555257,0.26390049028509166,0.0,0.4690416247452473,14
285,Advance Meter.,26.66,0.0,42.82,14.76,4.8,-0.83,-7.45,2.41,0.18,-9.84,-13.85,0.53,-3.51,2025-08-16,Small Cap,0.44422907488986785,0.34149451670492226,0.0,0.0,0.004875406283856988,0.3358905245697698,0.1938623570001816,0.21751623091770486,0.42568696181657545,15
286,Waaree Tech.,303.9,0.0,327.24,45.01,4.64,-69.17,-39.85,-3.03,4.77,-617.49,-2.17,-8.93,-15.08,2025-08-16,Small Cap,0.2775330396475771,0.046416730425911726,0.4507912003087611,0.0,0.12919826652221017,0.0,0.24879244597784633,0.0676215125460607,0.3574722747729452,16
287,Adani Power,594.3,18.47,229217.88,-13.49,14109.15,-5.66,22.54,3384.86,0.7,26.1,7.25,7.43,26.42,2025-08-23,Large Cap,1.0,0.8121019108280255,0.7917808219178083,0.11825340930917472,0.032840722495894904,1.0,0.0642388599864284,0.07486278814489572,0.8289722026403911,1
288,CESC,166.81,16.05,22111.84,2.38,5202.0,6.97,11.23,387.0,1.5,11.34,8.77,-2.05,21.8,2025-08-23,Large Cap,0.41300309597523227,0.678343949044586,1.0,0.10275945963249888,0.16420361247947454,0.35993208828522927,0.10910992988011763,0.21350164654226123,0.6412533248410591,2
289,NLC India,234.7,11.38,32544.36,42.57,3825.61,13.32,10.75,797.59,1.2,14.87,8.25,-2.36,7.76,2025-08-23,Large Cap,0.39380804953560383,0.2718587145338738,0.9287671232876713,0.07285997823164096,0.11494252873563218,0.33276740237691005,0.22274372313956117,0.283205268935236,0.5839715682540904,3
290,Reliance Power,48.91,0.0,20228.06,145.46,1885.58,-5.35,6.15,44.68,0.93,-1.08,5.5,-5.76,32.91,2025-08-23,Large Cap,0.1832817337461301,1.0,0.552054794520548,0.0,0.07060755336617407,0.07243916242218451,0.5136564125763402,0.07826564215148189,0.5545225015866307,4
291,Adani Energy Sol,800.15,40.11,96120.63,317.47,6819.28,26.79,10.23,512.48,1.83,13.64,4.62,-8.72,19.5,2025-08-23,Large Cap,0.0,0.6117544875506659,0.43150684931506855,0.256802612203086,0.21839080459770116,0.3033389926428976,1.0,0.4310647639956091,0.5343194762436753,5
292,NTPC,337.0,13.64,326777.65,9.8,47065.36,-3.02,9.95,6010.6,1.36,12.13,8.17,-2.21,5.28,2025-08-23,Large Cap,0.4030959752321982,0.20005790387955993,0.9178082191780822,0.08732953454126385,0.14121510673234813,0.2874929258630447,0.1300893463017417,0.10384193194291987,0.532071974572094,6
293,Power Grid Corpn,283.35,17.08,263532.61,-2.51,11196.22,1.73,12.78,3630.58,1.41,17.0,7.23,-4.95,9.34,2025-08-23,Large Cap,0.23343653250774,0.31760277938621884,0.789041095890411,0.10935399193290223,0.14942528735632182,0.44765138653084324,0.0952838724270527,0.15598243688254665,0.5292430962703822,7
294,JSW Energy,517.9,41.67,90516.93,42.43,5143.37,78.62,6.49,743.12,1.83,7.41,4.11,4.29,7.96,2025-08-23,Large Cap,0.8055727554179568,0.27764910248986685,0.3616438356164384,0.26679044753185227,0.21839080459770116,0.09168081494057727,0.22234788509387016,1.0,0.5268648720940085,8
295,Tata Power Co.,385.6,29.9,123212.29,9.16,18035.07,4.29,10.81,1059.86,1.75,10.97,6.53,-4.09,8.74,2025-08-23,Large Cap,0.28668730650154806,0.30023161551823974,0.6931506849315069,0.1914335104680197,0.20525451559934318,0.33616298811545,0.12827980095001132,0.18408342480790338,0.4854680928814147,9
296,Torrent Power,1282.0,23.51,64600.43,-24.77,7906.37,-12.48,15.95,731.44,0.5,19.03,5.37,-8.55,-1.63,2025-08-23,Large Cap,0.01052631578947368,0.0,0.5342465753424658,0.1505218003713426,0.0,0.6270514997170344,0.0323456231621805,0.0,0.42202094465940493,10
297,NHPC Ltd,80.71,26.58,81073.48,4.23,3213.77,19.28,7.42,1065.02,1.0,7.53,5.08,-6.12,4.49,2025-08-23,Large Cap,0.16099071207430346,0.17718587145338738,0.49452054794520556,0.17017734810167104,0.08210180623973727,0.14431239388794567,0.11434064691246323,0.3486278814489572,0.39956201329778507,11
298,Adani Green,957.2,83.61,155314.91,54.12,3800.0,36.01,8.7,724.08,6.59,14.61,3.4,-3.01,14.49,2025-08-23,Large Cap,0.35356037151702796,0.46670526925304,0.26438356164383564,0.5353095588706063,1.0,0.21675155631013013,0.25540036190907034,0.5322722283205268,0.34450317284220244,12
299,SJVN,99.54,56.66,39117.18,-36.21,917.45,5.41,4.87,227.77,1.91,5.8,2.91,-0.82,9.65,2025-08-23,Large Cap,0.48916408668730654,0.32657788071800814,0.19726027397260276,0.36276330110762534,0.2315270935960591,0.0,0.0,0.19637760702524698,0.322022071137474,13
300,NTPC Green Ene.,103.31,156.19,87052.41,59.07,680.21,17.59,4.89,220.48,1.05,3.85,1.47,-7.13,4.99,2025-08-23,Large Cap,0.09845201238390099,0.19166184134337003,0.0,1.0,0.09031198686371102,0.0011318619128466087,0.26939606423886,0.3300768386388584,0.1946595420430607,14
301,Reliance Infra.,290.15,2.65,11856.43,125.55,5907.82,-17.87,34.01,59.72,0.44,37.52,61.68,-5.01,20.49,2025-08-23,Mid Cap,0.17795422699673052,0.41558116232464926,1.0,0.018344178319257925,0.021814006888633754,0.5792217464159374,0.04896666635109677,0.0,0.605755505795715,1
302,Nava,671.85,18.66,19497.17,-13.39,1193.22,-2.38,17.17,308.28,0.12,15.03,8.43,47.79,67.15,2025-08-23,Mid Cap,1.0,1.0,0.11603585657370517,0.12917070469334072,0.0034443168771526975,0.2656860919754236,0.03581308163477833,0.1435854653318502,0.5810227422494392,2
303,ACME Solar Hold.,290.8,42.98,17595.95,10171.22,510.98,65.02,8.4,142.77,2.43,7.54,5.05,15.97,50.49,2025-08-23,Mid Cap,0.5045928693756812,0.7913326653306613,0.0599269588313413,0.2975218053440398,0.13605051664753157,0.10240178737665238,1.0,0.7683537263626251,0.5603327198846555,3
304,Insolation Ener,240.1,43.36,5290.44,41.6,706.88,90.01,56.61,61.58,0.06,49.87,3.1,-6.43,-12.69,2025-08-23,Mid Cap,0.15584617779853652,0.0,0.02755644090305445,0.300152291291707,0.0,1.0,0.04101903833227618,1.0,0.5029748895544484,4
305,KPI Green Energy,518.85,28.56,10239.04,55.03,602.94,73.25,17.5,104.19,0.57,18.66,5.32,11.92,29.99,2025-08-23,Mid Cap,0.4415382220146349,0.5345691382765531,0.06440903054448871,0.1977017859615118,0.02927669345579793,0.2718301992180227,0.042290469473345395,0.8446421950315165,0.4796593685049357,5
306,JP Power Ven.,18.87,17.4,12932.48,-20.2,1583.16,-9.78,10.26,278.13,0.31,6.85,9.67,24.31,36.15,2025-08-23,Mid Cap,0.634438735793243,0.6117234468937875,0.13662018592297476,0.12044856707739166,0.014351320321469574,0.13703221001675664,0.035168372321994906,0.074990730441231,0.4391907281274373,6
307,PTC India,187.76,8.98,5557.85,40.94,4009.17,-11.98,11.51,195.05,0.51,12.28,24.07,1.6,25.89,2025-08-23,Mid Cap,0.28086563910945045,0.4832164328657314,0.37566401062416993,0.06216253634224007,0.025832376578645233,0.16030534351145037,0.04095655549138968,0.05459770114942529,0.4225621159953944,7
308,Powergrid Infra.,91.27,7.08,8305.56,-1.14,313.28,-0.73,16.05,190.76,0.14,15.41,16.09,8.77,14.06,2025-08-23,Mid Cap,0.3924957185115989,0.3350450901803607,0.24319389110225764,0.049010106603904195,0.004592422502870264,0.244833364364178,0.036972801030020166,0.15888023730070447,0.42096162331947606,8
309,RattanIndia Pow.,12.24,56.76,6573.01,-114.1,821.96,-11.79,8.69,-13.11,0.79,4.96,6.33,12.4,26.58,2025-08-23,Mid Cap,0.44901136540557374,0.49185871743486964,0.08117529880478089,0.39291153260418105,0.04190585533869116,0.10780115434742132,0.02627876814132483,0.05635891731553579,0.34370783280790584,9
310,IndiGrid Trust,159.49,39.54,13310.37,-46.06,839.85,0.57,7.51,72.37,3.9,6.6,5.68,9.16,13.14,2025-08-23,Mid Cap,0.39856764751673673,0.3235220440881763,0.0703851261620186,0.2737089851862107,0.22043628013777264,0.08583131632843045,0.03272018101089663,0.17093066370040785,0.3105073001775589,10
311,GMR Urban,118.99,0.0,8505.84,-391.68,1648.45,2.29,13.24,-81.04,17.48,0.0,7.37,0.24,14.66,2025-08-23,Mid Cap,0.25969173283512376,0.342560120240481,0.09843957503320053,0.0,1.0,0.1925153602681065,0.0,0.1868743047830923,0.2672161954999114,11
312,Inox Green,151.97,144.46,5577.55,2487.35,56.2,10.5,2.9,22.03,0.09,1.06,1.44,-16.44,20.12,2025-08-23,Mid Cap,0.0,0.41094689378757515,0.0,1.0,0.0017221584385763487,0.0,0.2725605657537229,0.2629773822766036,0.21502361302731127,12
313,Orient Green,14.26,31.64,1672.74,324.53,87.38,37.74,6.65,29.08,0.51,3.84,6.09,9.36,12.11,2025-08-23,Small Cap,0.5517853620043401,0.6935774309723889,0.7788074133763093,0.061460761460761466,0.0138136511375948,0.5660377358490566,0.756364626838569,0.3021144060361467,0.7540939108192186,1
314,K.P. Energy,434.4,23.72,2906.44,39.59,219.47,72.57,42.3,25.42,0.8,46.25,6.39,-6.24,8.18,2025-08-23,Small Cap,0.24403235352140462,0.5756302521008403,0.7908944399677679,0.04607614607614608,0.021668472372697724,1.0,0.23895042672961683,0.3785093876118617,0.7360997984261538,2
315,Surana Telecom,19.04,10.36,258.49,51.41,4.14,-5.48,17.85,2.68,0.04,16.57,11.58,-5.23,-0.21,2025-08-23,Small Cap,0.26395738804497926,0.32382953181272506,1.0,0.020124320124320125,0.0010834236186348862,0.7023737066342057,0.26041401852188123,0.2073170731707317,0.6732951141004627,3
316,Ujaas Energy,348.35,514.8,3871.31,-34.82,2.65,-57.87,10.44,2.49,0.28,10.14,0.25,32.08,22.32,2025-08-23,Small Cap,1.0,1.0,0.5435132957292506,1.0,0.007583965330444204,0.6121728545343883,0.10383148719811149,0.09240656255483419,0.650002638494978,4
317,Guj Inds. Power,187.66,14.48,2912.78,-15.21,371.52,16.11,6.44,57.47,0.58,6.19,6.62,-7.62,9.79,2025-08-23,Small Cap,0.21680804892483724,0.6239495798319328,0.8001611603545528,0.02812742812742813,0.01570964247020585,0.563481436396835,0.1394407118213183,0.2546718722582909,0.6338697150119905,5
318,Energy Devl.Co.,20.78,0.0,98.71,458.7,10.29,51.77,3.89,1.65,36.92,-75.55,4.23,7.11,6.13,2025-08-23,Small Cap,0.5073979088577629,0.5141056422569027,0.7038678485092666,0.0,1.0,0.5324406573341448,1.0,0.33288734865765923,0.6337759687016481,6
319,Waa Solar,68.0,12.94,90.21,274.23,13.86,355.92,3.22,7.26,0.76,3.78,4.65,-18.61,-9.63,2025-08-23,Small Cap,0.0,0.04111644657863143,0.7207896857373086,0.02513597513597514,0.020585048754062838,0.5242848447961046,0.6650263301252951,1.0,0.617112903717003,7
320,IND Renewable,13.52,0.0,18.83,80.0,0.0,0.0,-0.23,-0.01,0.02,-0.31,-0.16,12.76,-3.01,2025-08-23,Small Cap,0.6188597356480567,0.23979591836734696,0.5269943593875906,0.0,0.0005417118093174431,0.48228849665246504,0.31232976212093694,0.21933672574135812,0.5837673969156194,8
321,Indowind Energy,18.0,118.89,231.84,42.24,11.54,57.01,1.88,2.29,0.02,0.49,2.68,-10.98,1.93,2025-08-23,Small Cap,0.1505227855592819,0.3880552220888355,0.6414182111200645,0.23094405594405595,0.0005417118093174431,0.5079732197200244,0.24376248411113127,0.34438059308650637,0.5463307182596617,9
322,Karma Energy Ltd,52.69,89.65,60.96,-92.0,3.06,27.5,3.59,0.06,0.05,3.62,1.24,-10.27,2.25,2025-08-23,Small Cap,0.1645294929966463,0.39765906362545017,0.5834004834810637,0.17414529914529916,0.0013542795232936078,0.5287888009738283,0.0,0.2796543253202316,0.5171816150494568,10
323,Globus Power,14.46,0.0,143.08,12.5,0.0,0.0,-7.29,-0.14,0.0,-7.29,-0.33,-10.63,-9.91,2025-08-23,Small Cap,0.1574275004931939,0.032713085234093636,0.5201450443190975,0.0,0.0,0.3963481436396835,0.18975848919556926,0.21933672574135812,0.4527292469445421,11
324,Veer Energy,16.94,105.62,25.35,29.17,0.65,-36.89,0.39,0.31,0.0,0.28,0.91,-15.47,-7.93,2025-08-23,Small Cap,0.061945156835667765,0.09213685474189677,0.5701047542304594,0.2051670551670552,0.0,0.48983566646378573,0.22002905393136007,0.1384234076153711,0.4504289265134513,12
325,Advance Meter.,28.25,0.0,45.37,14.76,4.8,-0.83,-7.45,2.41,0.18,-9.84,-13.24,6.85,0.89,2025-08-23,Small Cap,0.502268692049714,0.35684273709483794,0.0,0.0,0.004875406283856988,0.39440048691418134,0.1938623570001816,0.21751623091770486,0.448397129917922,13
326,Gita Renewable,111.25,0.0,45.75,53.33,0.0,-100.0,-2.93,-0.07,0.0,-2.93,-0.66,-13.05,-11.0,2025-08-23,Small Cap,0.10968632866443083,0.0,0.5068493150684932,0.0,0.0,0.4494217894096165,0.26390049028509166,0.0,0.43409721922379574,14
327,Waaree Tech.,297.5,0.0,320.35,45.01,4.64,-69.17,-39.85,-3.03,4.77,-617.49,-2.21,-8.97,-8.05,2025-08-23,Small Cap,0.1901755770368909,0.08853541416566625,0.44439967767929095,0.0,0.12919826652221017,0.0,0.24879244597784633,0.0676215125460607,0.3494081534164114,15
